-- Generated by Craft v2.6.2974 on 10.6.2017 14.43.26.

--
-- Disable foreign key checks and autocommit.
--

SET FOREIGN_KEY_CHECKS = 0;
SET SQL_MODE = "NO_AUTO_VALUE_ON_ZERO";
SET AUTOCOMMIT = 0;
SET NAMES utf8;


DROP TABLE IF EXISTS `craft_assetfiles`;


--
-- Schema for table `craft_assetfiles`
--
CREATE TABLE `craft_assetfiles` (
  `id` int(11) NOT NULL,
  `sourceId` int(11) DEFAULT NULL,
  `folderId` int(11) NOT NULL,
  `filename` varchar(255) COLLATE utf8_unicode_ci NOT NULL,
  `kind` varchar(50) COLLATE utf8_unicode_ci NOT NULL DEFAULT 'unknown',
  `width` int(11) unsigned DEFAULT NULL,
  `height` int(11) unsigned DEFAULT NULL,
  `size` bigint(20) unsigned DEFAULT NULL,
  `dateModified` datetime DEFAULT NULL,
  `dateCreated` datetime NOT NULL,
  `dateUpdated` datetime NOT NULL,
  `uid` char(36) COLLATE utf8_unicode_ci NOT NULL DEFAULT '0',
  PRIMARY KEY (`id`),
  UNIQUE KEY `craft_assetfiles_filename_folderId_unq_idx` (`filename`,`folderId`),
  KEY `craft_assetfiles_sourceId_fk` (`sourceId`),
  KEY `craft_assetfiles_folderId_fk` (`folderId`)
) ENGINE=InnoDB DEFAULT CHARSET=utf8 COLLATE=utf8_unicode_ci;

--
-- Data for table `craft_assetfiles`
--

INSERT INTO `craft_assetfiles` (`id`, `sourceId`, `folderId`, `filename`, `kind`, `width`, `height`, `size`, `dateModified`, `dateCreated`, `dateUpdated`, `uid`) VALUES
 ('14', '1', '1', '7Jur9kMMSUuwEj7Cexpk_getting-started-with-css-counters-420x210.png', 'image', '420', '210', '27173', '2017-01-01 10:48:06', '2017-01-01 10:48:06', '2017-01-01 10:48:06', 'd5b69756-7793-4cd4-982f-3de325f89fe4');



DROP TABLE IF EXISTS `craft_assetfolders`;


--
-- Schema for table `craft_assetfolders`
--
CREATE TABLE `craft_assetfolders` (
  `id` int(11) NOT NULL AUTO_INCREMENT,
  `parentId` int(11) DEFAULT NULL,
  `sourceId` int(11) DEFAULT NULL,
  `name` varchar(255) COLLATE utf8_unicode_ci NOT NULL,
  `path` varchar(255) COLLATE utf8_unicode_ci DEFAULT NULL,
  `dateCreated` datetime NOT NULL,
  `dateUpdated` datetime NOT NULL,
  `uid` char(36) COLLATE utf8_unicode_ci NOT NULL DEFAULT '0',
  PRIMARY KEY (`id`),
  UNIQUE KEY `craft_assetfolders_name_parentId_sourceId_unq_idx` (`name`,`parentId`,`sourceId`),
  KEY `craft_assetfolders_parentId_fk` (`parentId`),
  KEY `craft_assetfolders_sourceId_fk` (`sourceId`)
) ENGINE=InnoDB AUTO_INCREMENT=2 DEFAULT CHARSET=utf8 COLLATE=utf8_unicode_ci;

--
-- Data for table `craft_assetfolders`
--

INSERT INTO `craft_assetfolders` (`id`, `parentId`, `sourceId`, `name`, `path`, `dateCreated`, `dateUpdated`, `uid`) VALUES
 ('1', NULL, '1', 'Blogi pääkuva', '', '2017-01-01 10:44:23', '2017-01-01 10:44:23', '3096eb2b-4f0c-4448-8ca2-2e812b3ae73d');



DROP TABLE IF EXISTS `craft_assetindexdata`;


--
-- Schema for table `craft_assetindexdata`
--
CREATE TABLE `craft_assetindexdata` (
  `id` int(11) NOT NULL AUTO_INCREMENT,
  `sessionId` varchar(36) COLLATE utf8_unicode_ci NOT NULL DEFAULT '',
  `sourceId` int(10) NOT NULL,
  `offset` int(10) NOT NULL,
  `uri` varchar(255) COLLATE utf8_unicode_ci DEFAULT NULL,
  `size` varchar(255) COLLATE utf8_unicode_ci DEFAULT NULL,
  `recordId` int(10) DEFAULT NULL,
  `dateCreated` datetime NOT NULL,
  `dateUpdated` datetime NOT NULL,
  `uid` char(36) COLLATE utf8_unicode_ci NOT NULL DEFAULT '0',
  PRIMARY KEY (`id`),
  UNIQUE KEY `craft_assetindexdata_sessionId_sourceId_offset_unq_idx` (`sessionId`,`sourceId`,`offset`),
  KEY `craft_assetindexdata_sourceId_fk` (`sourceId`)
) ENGINE=InnoDB DEFAULT CHARSET=utf8 COLLATE=utf8_unicode_ci;

DROP TABLE IF EXISTS `craft_assetsources`;


--
-- Schema for table `craft_assetsources`
--
CREATE TABLE `craft_assetsources` (
  `id` int(11) NOT NULL AUTO_INCREMENT,
  `name` varchar(255) COLLATE utf8_unicode_ci NOT NULL,
  `handle` varchar(255) COLLATE utf8_unicode_ci NOT NULL,
  `type` varchar(150) COLLATE utf8_unicode_ci NOT NULL,
  `settings` text COLLATE utf8_unicode_ci,
  `sortOrder` smallint(6) unsigned DEFAULT NULL,
  `fieldLayoutId` int(10) DEFAULT NULL,
  `dateCreated` datetime NOT NULL,
  `dateUpdated` datetime NOT NULL,
  `uid` char(36) COLLATE utf8_unicode_ci NOT NULL DEFAULT '0',
  PRIMARY KEY (`id`),
  UNIQUE KEY `craft_assetsources_name_unq_idx` (`name`),
  UNIQUE KEY `craft_assetsources_handle_unq_idx` (`handle`),
  KEY `craft_assetsources_fieldLayoutId_fk` (`fieldLayoutId`)
) ENGINE=InnoDB AUTO_INCREMENT=2 DEFAULT CHARSET=utf8 COLLATE=utf8_unicode_ci;

--
-- Data for table `craft_assetsources`
--

INSERT INTO `craft_assetsources` (`id`, `name`, `handle`, `type`, `settings`, `sortOrder`, `fieldLayoutId`, `dateCreated`, `dateUpdated`, `uid`) VALUES
 ('1', 'Blogi pääkuva', 'featuredImage', 'Local', '{\"path\":\"img\\/featured\\/\",\"publicURLs\":\"1\",\"url\":\"{baseUrl}img\\/featured\\/\"}', '1', '28', '2017-01-01 10:44:23', '2017-01-01 15:56:08', '24ff8f82-5cf2-4f56-87a2-f67ab1e52f11');



DROP TABLE IF EXISTS `craft_assettransformindex`;


--
-- Schema for table `craft_assettransformindex`
--
CREATE TABLE `craft_assettransformindex` (
  `id` int(11) NOT NULL AUTO_INCREMENT,
  `fileId` int(11) NOT NULL,
  `filename` varchar(255) COLLATE utf8_unicode_ci DEFAULT NULL,
  `format` varchar(255) COLLATE utf8_unicode_ci DEFAULT NULL,
  `location` varchar(255) COLLATE utf8_unicode_ci NOT NULL,
  `sourceId` int(11) DEFAULT NULL,
  `fileExists` tinyint(1) DEFAULT NULL,
  `inProgress` tinyint(1) DEFAULT NULL,
  `dateIndexed` datetime DEFAULT NULL,
  `dateCreated` datetime NOT NULL,
  `dateUpdated` datetime NOT NULL,
  `uid` char(36) COLLATE utf8_unicode_ci NOT NULL DEFAULT '0',
  PRIMARY KEY (`id`),
  KEY `craft_assettransformindex_sourceId_fileId_location_idx` (`sourceId`,`fileId`,`location`)
) ENGINE=InnoDB AUTO_INCREMENT=6 DEFAULT CHARSET=utf8 COLLATE=utf8_unicode_ci;

DROP TABLE IF EXISTS `craft_assettransforms`;


--
-- Schema for table `craft_assettransforms`
--
CREATE TABLE `craft_assettransforms` (
  `id` int(11) NOT NULL AUTO_INCREMENT,
  `name` varchar(255) COLLATE utf8_unicode_ci NOT NULL,
  `handle` varchar(255) COLLATE utf8_unicode_ci NOT NULL,
  `mode` enum('stretch','fit','crop') COLLATE utf8_unicode_ci NOT NULL DEFAULT 'crop',
  `position` enum('top-left','top-center','top-right','center-left','center-center','center-right','bottom-left','bottom-center','bottom-right') COLLATE utf8_unicode_ci NOT NULL DEFAULT 'center-center',
  `height` int(10) DEFAULT NULL,
  `width` int(10) DEFAULT NULL,
  `format` varchar(255) COLLATE utf8_unicode_ci DEFAULT NULL,
  `quality` int(10) DEFAULT NULL,
  `dimensionChangeTime` datetime DEFAULT NULL,
  `dateCreated` datetime NOT NULL,
  `dateUpdated` datetime NOT NULL,
  `uid` char(36) COLLATE utf8_unicode_ci NOT NULL DEFAULT '0',
  PRIMARY KEY (`id`),
  UNIQUE KEY `craft_assettransforms_name_unq_idx` (`name`),
  UNIQUE KEY `craft_assettransforms_handle_unq_idx` (`handle`)
) ENGINE=InnoDB DEFAULT CHARSET=utf8 COLLATE=utf8_unicode_ci;

DROP TABLE IF EXISTS `craft_categories`;


--
-- Schema for table `craft_categories`
--
CREATE TABLE `craft_categories` (
  `id` int(11) NOT NULL,
  `groupId` int(11) NOT NULL,
  `dateCreated` datetime NOT NULL,
  `dateUpdated` datetime NOT NULL,
  `uid` char(36) COLLATE utf8_unicode_ci NOT NULL DEFAULT '0',
  PRIMARY KEY (`id`),
  KEY `craft_categories_groupId_fk` (`groupId`)
) ENGINE=InnoDB DEFAULT CHARSET=utf8 COLLATE=utf8_unicode_ci;

--
-- Data for table `craft_categories`
--

INSERT INTO `craft_categories` (`id`, `groupId`, `dateCreated`, `dateUpdated`, `uid`) VALUES
 ('5', '6', '2016-12-30 18:15:47', '2016-12-31 09:09:01', '7cbf0136-2f8e-42c9-bac4-4ec1ac26a97b'),
 ('6', '6', '2016-12-30 18:15:56', '2016-12-31 09:09:37', '7b4dbd4b-6f4f-4aa9-b18f-c46ef9cb4468'),
 ('7', '6', '2016-12-30 18:16:01', '2016-12-31 09:09:51', '252ff7f0-8e48-474b-88fe-148726438036'),
 ('8', '6', '2016-12-30 18:16:10', '2016-12-31 09:09:57', '3d60c177-557c-4d1f-b02e-23448075cf4d'),
 ('9', '6', '2016-12-30 18:16:29', '2016-12-31 09:10:03', '6c659ad4-cf60-4193-89d4-9e1ceef3fba4'),
 ('10', '6', '2016-12-30 18:24:14', '2016-12-30 18:24:14', 'dbb3b45f-35bc-4280-a1a7-3d73cb7fea20'),
 ('11', '6', '2016-12-30 18:24:24', '2016-12-30 18:24:24', '792370ce-bf89-4a2a-84d8-e42e4f9d245a'),
 ('27', '6', '2017-03-05 17:49:52', '2017-03-05 17:49:52', 'a2aa0fe5-aa30-424e-b2f6-b6415a62ab4b');



DROP TABLE IF EXISTS `craft_categorygroups`;


--
-- Schema for table `craft_categorygroups`
--
CREATE TABLE `craft_categorygroups` (
  `id` int(11) NOT NULL AUTO_INCREMENT,
  `structureId` int(11) NOT NULL,
  `fieldLayoutId` int(11) DEFAULT NULL,
  `name` varchar(255) COLLATE utf8_unicode_ci NOT NULL,
  `handle` varchar(255) COLLATE utf8_unicode_ci NOT NULL,
  `hasUrls` tinyint(1) unsigned NOT NULL DEFAULT '1',
  `template` varchar(500) COLLATE utf8_unicode_ci DEFAULT NULL,
  `dateCreated` datetime NOT NULL,
  `dateUpdated` datetime NOT NULL,
  `uid` char(36) COLLATE utf8_unicode_ci NOT NULL DEFAULT '0',
  PRIMARY KEY (`id`),
  UNIQUE KEY `craft_categorygroups_name_unq_idx` (`name`),
  UNIQUE KEY `craft_categorygroups_handle_unq_idx` (`handle`),
  KEY `craft_categorygroups_structureId_fk` (`structureId`),
  KEY `craft_categorygroups_fieldLayoutId_fk` (`fieldLayoutId`)
) ENGINE=InnoDB AUTO_INCREMENT=7 DEFAULT CHARSET=utf8 COLLATE=utf8_unicode_ci;

--
-- Data for table `craft_categorygroups`
--

INSERT INTO `craft_categorygroups` (`id`, `structureId`, `fieldLayoutId`, `name`, `handle`, `hasUrls`, `template`, `dateCreated`, `dateUpdated`, `uid`) VALUES
 ('6', '6', '22', 'BlogiKategoriat', 'blogCategories', '1', 'blog/categories', '2016-12-30 18:15:28', '2017-01-01 08:56:54', 'd067737c-682e-462d-b582-266a27442be6');



DROP TABLE IF EXISTS `craft_categorygroups_i18n`;


--
-- Schema for table `craft_categorygroups_i18n`
--
CREATE TABLE `craft_categorygroups_i18n` (
  `id` int(11) NOT NULL AUTO_INCREMENT,
  `groupId` int(11) NOT NULL,
  `locale` char(12) COLLATE utf8_unicode_ci NOT NULL,
  `urlFormat` text COLLATE utf8_unicode_ci,
  `nestedUrlFormat` text COLLATE utf8_unicode_ci,
  `dateCreated` datetime NOT NULL,
  `dateUpdated` datetime NOT NULL,
  `uid` char(36) COLLATE utf8_unicode_ci NOT NULL DEFAULT '0',
  PRIMARY KEY (`id`),
  UNIQUE KEY `craft_categorygroups_i18n_groupId_locale_unq_idx` (`groupId`,`locale`),
  KEY `craft_categorygroups_i18n_locale_fk` (`locale`)
) ENGINE=InnoDB AUTO_INCREMENT=7 DEFAULT CHARSET=utf8 COLLATE=utf8_unicode_ci;

--
-- Data for table `craft_categorygroups_i18n`
--

INSERT INTO `craft_categorygroups_i18n` (`id`, `groupId`, `locale`, `urlFormat`, `nestedUrlFormat`, `dateCreated`, `dateUpdated`, `uid`) VALUES
 ('6', '6', 'fi_fi', 'kategoria/{slug}', '{parent.uri}/{slug}', '2016-12-30 18:15:28', '2016-12-31 14:15:42', '6a7a5221-553c-4c58-811a-19197fe8bdd5');



DROP TABLE IF EXISTS `craft_content`;


--
-- Schema for table `craft_content`
--
CREATE TABLE `craft_content` (
  `id` int(11) NOT NULL AUTO_INCREMENT,
  `elementId` int(11) NOT NULL,
  `locale` char(12) COLLATE utf8_unicode_ci NOT NULL,
  `title` varchar(255) COLLATE utf8_unicode_ci DEFAULT NULL,
  `field_body` text COLLATE utf8_unicode_ci,
  `field_kategoriaIkoni` text COLLATE utf8_unicode_ci,
  `field_postsPerPage` int(10) unsigned DEFAULT '0',
  `field_blogiSubTittle` varchar(150) COLLATE utf8_unicode_ci DEFAULT NULL,
  `dateCreated` datetime NOT NULL,
  `dateUpdated` datetime NOT NULL,
  `uid` char(36) COLLATE utf8_unicode_ci NOT NULL DEFAULT '0',
  PRIMARY KEY (`id`),
  UNIQUE KEY `craft_content_elementId_locale_unq_idx` (`elementId`,`locale`),
  KEY `craft_content_title_idx` (`title`),
  KEY `craft_content_locale_fk` (`locale`)
) ENGINE=InnoDB AUTO_INCREMENT=28 DEFAULT CHARSET=utf8 COLLATE=utf8_unicode_ci;

--
-- Data for table `craft_content`
--

INSERT INTO `craft_content` (`id`, `elementId`, `locale`, `title`, `field_body`, `field_kategoriaIkoni`, `field_postsPerPage`, `field_blogiSubTittle`, `dateCreated`, `dateUpdated`, `uid`) VALUES
 ('1', '1', 'fi_fi', NULL, NULL, NULL, '0', NULL, '2016-12-30 08:48:08', '2017-03-05 08:56:03', '469c194e-ca9f-44dc-b62b-7d84f19d69c2'),
 ('2', '2', 'fi_fi', 'Moi, olen Andreas ja tämä tässä on Digikokki sivustoni.', '<p>Sain 2016 ajatuksen perustaa Youtubeen kanavan jossa opastan koodauksen saloihin. Samalla näyttäisin päivittäistä arkeani ja kiinnostustani IT-alasta. Sivulla aihealueet vaihtelevat teknisistä vapaamuotoisiin lifestyle aiheisiin. Pyrin pitämään asiat simppeleinä jotta sinä lukija/katsoja voit oppia esim. koodaamaan HTML sivuja. En varsinaisesti opasta ohjelmointia, mutta näytän hieman javascript ohjelmointia.</p>', NULL, '0', NULL, '2016-12-30 08:48:10', '2017-01-18 12:34:07', '4d9b8f06-4cf4-4237-bf9f-31ed8d1d8a8d'),
 ('4', '4', 'fi_fi', NULL, '<p>Olen Andreas Koutsoukos ja pidän Digikokki nimistä blogia jossa opetan ja kirjoitan IT:alasta. HTML, CSS ja Javascript ohjelmointia luvassa joten tervetuloa mukaan. Jos sinulla on kysymyksiä ota rohkeasti yhteyttä <a href=\"mailto:andreas.koutsoukos@gmail.com?subject=Yhteydenotto%20Digikokki\" target=\"_blank\">andreas.koutsoukos@gmail.com</a></p>', NULL, '0', NULL, '2016-12-30 17:24:23', '2016-12-30 18:05:53', 'c49fca22-90d5-49a9-9444-5682b52dbfb3'),
 ('5', '5', 'fi_fi', 'Internet', NULL, 'globe', '0', NULL, '2016-12-30 18:15:47', '2016-12-31 09:09:01', 'e5dbf835-3fae-4b54-a17a-903a66174485'),
 ('6', '6', 'fi_fi', 'Html', NULL, 'html5', '0', NULL, '2016-12-30 18:15:56', '2016-12-31 09:09:37', '4aee227a-a0c7-4557-987f-60a8e1d85361'),
 ('7', '7', 'fi_fi', 'Css', NULL, 'css3', '0', NULL, '2016-12-30 18:16:01', '2016-12-31 09:09:51', 'c946c16e-ba57-4e84-906a-cafd3745a40c'),
 ('8', '8', 'fi_fi', 'Javascript', NULL, 'code', '0', NULL, '2016-12-30 18:16:10', '2016-12-31 09:09:57', '06681d6b-bab5-45f9-8453-c73de79ac83d'),
 ('9', '9', 'fi_fi', 'Koodarin työkalut', NULL, 'cogs', '0', NULL, '2016-12-30 18:16:29', '2016-12-31 09:10:03', 'de323a99-4beb-4ff6-8416-4fd404f040d9'),
 ('10', '10', 'fi_fi', 'Sass', NULL, NULL, '0', NULL, '2016-12-30 18:24:14', '2016-12-30 18:24:14', '7058737a-9911-4238-b77e-0bd41b99b465'),
 ('11', '11', 'fi_fi', 'Animation', NULL, NULL, '0', NULL, '2016-12-30 18:24:24', '2016-12-30 18:24:24', '58e6c8e3-1d68-4f97-a4a8-e59330198db1'),
 ('13', '13', 'fi_fi', NULL, NULL, NULL, '10', NULL, '2017-01-01 09:33:16', '2017-03-05 17:30:17', '43079339-9ded-4f82-94c5-36c9f01da6b6'),
 ('14', '14', 'fi_fi', 'Kuvan title', NULL, NULL, '0', NULL, '2017-01-01 10:48:06', '2017-01-01 10:49:20', 'cf1c0265-eed3-43e5-b3f3-5c86e3258d9f'),
 ('25', '25', 'fi_fi', 'Tervetuloa!', '<p>Nyt se on vihdoin julkista, nimittäin nämä sivut joita on tehty uudelleen ja uudelleen kerran toisen jälkeen. Nyt olen tähän versioon tyytyväinen. Aina kun itselleen tekee jotain suhtautuu siihen todella kriittisesti ja tekemisestä ei meinaa tulla oikein mitään. </p>\n<p>Nämä sivut tulevat sisältämään videota, podcasteja ja perinteisiä blogi artikkeleita. </p>\n<p><br /></p>\n<blockquote>Back in July, I had a racist encounter. I say “encounter” because when you have skin as light as mine, experiences with racism can feel pretty alien. I don’t think about the incident often, but certain things — like aged subway stations or eggs Benedict on waffles — conjure up the memory. Lately, I’ve found myself eating a lot of eggs and doing a lot of thinking.</blockquote>\n<p>Mitäs tässä tämä aloitetaan katsomaan hieman koodia.</p><pre>\n&lt;!DOCTYPE html&gt; </pre>', NULL, '0', 'Vihdoinkin olen saanut tehtyä sivut josta löytää kattavasti tietoa koodaukseen. ', '2017-01-01 20:05:46', '2017-03-05 17:58:48', '27ea998a-f19a-459e-9330-3f141f84faef'),
 ('26', '26', 'fi_fi', 'What I learned from my racist run-in (illustrated)', '<p>Back in July, I had a racist encounter. I say “encounter” because when you have skin as light as mine, experiences with racism can feel pretty alien. I don’t think about the incident often, but certain things — like aged subway stations or eggs Benedict on waffles — conjure up the memory. Lately, I’ve found myself eating a lot of eggs and doing a lot of thinking.</p>\n<p><br /></p>\n<p>My boyfriend and I hop on the subway. The man standing next to us strikes up a conversation. We laugh and chat, enjoying the company of a stranger. Then the man begins to speculate about my white boyfriend’s background, to which he responds that he’s British. Then it’s my turn. “And you, you must be Portuguese or Italian,” the man says. “I’m actually Persian — Iranian.” The man turns to my boyfriend. “Be careful. She’s going to blow up.”<br /></p>', NULL, '0', 'Buttons like you’ve never seen them before! Probably.', '2017-03-05 17:23:17', '2017-03-05 17:44:20', 'e2a48463-7070-4920-a1e8-69dfad294b05'),
 ('27', '27', 'fi_fi', 'Yleinen', NULL, 'general', '0', NULL, '2017-03-05 17:49:52', '2017-03-05 17:49:52', 'a308ff44-9ef5-4d58-b413-1a7361f5a09e');



DROP TABLE IF EXISTS `craft_deprecationerrors`;


--
-- Schema for table `craft_deprecationerrors`
--
CREATE TABLE `craft_deprecationerrors` (
  `id` int(11) NOT NULL AUTO_INCREMENT,
  `key` varchar(255) COLLATE utf8_unicode_ci NOT NULL,
  `fingerprint` varchar(255) COLLATE utf8_unicode_ci NOT NULL,
  `lastOccurrence` datetime NOT NULL,
  `file` varchar(255) COLLATE utf8_unicode_ci NOT NULL,
  `line` smallint(6) unsigned NOT NULL,
  `class` varchar(255) COLLATE utf8_unicode_ci DEFAULT NULL,
  `method` varchar(255) COLLATE utf8_unicode_ci DEFAULT NULL,
  `template` varchar(255) COLLATE utf8_unicode_ci DEFAULT NULL,
  `templateLine` smallint(6) unsigned DEFAULT NULL,
  `message` varchar(255) COLLATE utf8_unicode_ci DEFAULT NULL,
  `traces` text COLLATE utf8_unicode_ci,
  `dateCreated` datetime NOT NULL,
  `dateUpdated` datetime NOT NULL,
  `uid` char(36) COLLATE utf8_unicode_ci NOT NULL DEFAULT '0',
  PRIMARY KEY (`id`),
  UNIQUE KEY `craft_deprecationerrors_key_fingerprint_unq_idx` (`key`,`fingerprint`)
) ENGINE=InnoDB DEFAULT CHARSET=utf8 COLLATE=utf8_unicode_ci;

DROP TABLE IF EXISTS `craft_elementindexsettings`;


--
-- Schema for table `craft_elementindexsettings`
--
CREATE TABLE `craft_elementindexsettings` (
  `id` int(11) NOT NULL AUTO_INCREMENT,
  `type` varchar(150) COLLATE utf8_unicode_ci NOT NULL,
  `settings` text COLLATE utf8_unicode_ci,
  `dateCreated` datetime NOT NULL,
  `dateUpdated` datetime NOT NULL,
  `uid` char(36) COLLATE utf8_unicode_ci NOT NULL DEFAULT '0',
  PRIMARY KEY (`id`),
  UNIQUE KEY `craft_elementindexsettings_type_unq_idx` (`type`)
) ENGINE=InnoDB AUTO_INCREMENT=2 DEFAULT CHARSET=utf8 COLLATE=utf8_unicode_ci;

--
-- Data for table `craft_elementindexsettings`
--

INSERT INTO `craft_elementindexsettings` (`id`, `type`, `settings`, `dateCreated`, `dateUpdated`, `uid`) VALUES
 ('1', 'Category', '{\"sourceOrder\":[[\"key\",\"group:1\"],[\"key\",\"group:2\"],[\"key\",\"group:3\"],[\"key\",\"group:4\"],[\"key\",\"group:5\"],[\"heading\",\"\"],[\"key\",\"group:6\"]],\"sources\":{\"group:1\":{\"tableAttributes\":{\"1\":\"link\"}},\"group:6\":{\"tableAttributes\":{\"1\":\"link\",\"2\":\"uri\",\"3\":\"id\",\"4\":\"field:5\"}}}}', '2016-12-30 08:53:20', '2016-12-31 09:09:07', 'c271e0e3-5369-45ad-b004-6bc2723c6eee');



DROP TABLE IF EXISTS `craft_elements`;


--
-- Schema for table `craft_elements`
--
CREATE TABLE `craft_elements` (
  `id` int(11) NOT NULL AUTO_INCREMENT,
  `type` varchar(150) COLLATE utf8_unicode_ci NOT NULL,
  `enabled` tinyint(1) unsigned NOT NULL DEFAULT '1',
  `archived` tinyint(1) unsigned NOT NULL DEFAULT '0',
  `dateCreated` datetime NOT NULL,
  `dateUpdated` datetime NOT NULL,
  `uid` char(36) COLLATE utf8_unicode_ci NOT NULL DEFAULT '0',
  PRIMARY KEY (`id`),
  KEY `craft_elements_type_idx` (`type`),
  KEY `craft_elements_enabled_idx` (`enabled`),
  KEY `craft_elements_archived_dateCreated_idx` (`archived`,`dateCreated`)
) ENGINE=InnoDB AUTO_INCREMENT=28 DEFAULT CHARSET=utf8 COLLATE=utf8_unicode_ci;

--
-- Data for table `craft_elements`
--

INSERT INTO `craft_elements` (`id`, `type`, `enabled`, `archived`, `dateCreated`, `dateUpdated`, `uid`) VALUES
 ('1', 'User', '1', '0', '2016-12-30 08:48:08', '2017-03-05 08:56:03', '5a107294-a14e-4cab-b377-7d1d2b0054de'),
 ('2', 'Entry', '1', '0', '2016-12-30 08:48:10', '2017-01-18 12:34:07', '53a6cd7a-f31e-4772-a817-2c905773336d'),
 ('4', 'GlobalSet', '1', '0', '2016-12-30 17:24:23', '2016-12-30 18:05:53', '71ec6275-b3d5-4b70-a2ac-e1a742670b6b'),
 ('5', 'Category', '1', '0', '2016-12-30 18:15:47', '2016-12-31 09:09:01', '96ed1210-520e-4247-86dd-feea3cdf357b'),
 ('6', 'Category', '1', '0', '2016-12-30 18:15:56', '2016-12-31 09:09:37', 'd02441b4-8f64-4aae-96a8-6c423e81d7df'),
 ('7', 'Category', '1', '0', '2016-12-30 18:16:01', '2016-12-31 09:09:51', '7356223b-ccc9-4e98-95cb-6ebd67b513b0'),
 ('8', 'Category', '1', '0', '2016-12-30 18:16:10', '2016-12-31 09:09:57', '46ce0f18-156a-4312-8b5b-44301f82ef47'),
 ('9', 'Category', '1', '0', '2016-12-30 18:16:29', '2016-12-31 09:10:03', '2daf39e8-0eda-4ded-8da7-bafb9b034b62'),
 ('10', 'Category', '1', '0', '2016-12-30 18:24:14', '2016-12-30 18:24:14', '734d52b6-721b-4d6f-a137-b1a43223c5eb'),
 ('11', 'Category', '1', '0', '2016-12-30 18:24:24', '2016-12-30 18:24:24', 'c28484b3-fb3f-4f55-bdff-ea10c9400d7d'),
 ('13', 'GlobalSet', '1', '0', '2017-01-01 09:33:16', '2017-03-05 17:30:17', 'b527b0cb-f757-454d-88fa-84131a959b7c'),
 ('14', 'Asset', '1', '0', '2017-01-01 10:48:06', '2017-01-01 10:49:20', '0125d4a4-217e-4c78-a239-ecb5c09d5897'),
 ('25', 'Entry', '1', '0', '2017-01-01 20:05:46', '2017-03-05 17:58:48', '9404f77c-92d8-4650-9f22-a573647df5ad'),
 ('26', 'Entry', '1', '0', '2017-03-05 17:23:17', '2017-03-05 17:44:20', 'fff98202-a01e-4b9e-8bdd-f58a8a93b728'),
 ('27', 'Category', '1', '0', '2017-03-05 17:49:52', '2017-03-05 17:49:52', 'c5362dc0-c8da-4f72-98b3-5eed2f5d06e7');



DROP TABLE IF EXISTS `craft_elements_i18n`;


--
-- Schema for table `craft_elements_i18n`
--
CREATE TABLE `craft_elements_i18n` (
  `id` int(11) NOT NULL AUTO_INCREMENT,
  `elementId` int(11) NOT NULL,
  `locale` char(12) COLLATE utf8_unicode_ci NOT NULL,
  `slug` varchar(255) COLLATE utf8_unicode_ci DEFAULT NULL,
  `uri` varchar(255) COLLATE utf8_unicode_ci DEFAULT NULL,
  `enabled` tinyint(1) unsigned NOT NULL DEFAULT '1',
  `dateCreated` datetime NOT NULL,
  `dateUpdated` datetime NOT NULL,
  `uid` char(36) COLLATE utf8_unicode_ci NOT NULL DEFAULT '0',
  PRIMARY KEY (`id`),
  UNIQUE KEY `craft_elements_i18n_elementId_locale_unq_idx` (`elementId`,`locale`),
  UNIQUE KEY `craft_elements_i18n_uri_locale_unq_idx` (`uri`,`locale`),
  KEY `craft_elements_i18n_slug_locale_idx` (`slug`,`locale`),
  KEY `craft_elements_i18n_enabled_idx` (`enabled`),
  KEY `craft_elements_i18n_locale_fk` (`locale`)
) ENGINE=InnoDB AUTO_INCREMENT=19 DEFAULT CHARSET=utf8 COLLATE=utf8_unicode_ci;

--
-- Data for table `craft_elements_i18n`
--

INSERT INTO `craft_elements_i18n` (`id`, `elementId`, `locale`, `slug`, `uri`, `enabled`, `dateCreated`, `dateUpdated`, `uid`) VALUES
 ('1', '1', 'fi_fi', '', NULL, '1', '2016-12-30 08:48:08', '2017-03-05 08:56:03', '1368aa71-8d22-4858-98cd-d6bd2b6ab0b9'),
 ('2', '2', 'fi_fi', 'homepage', '__home__', '1', '2016-12-30 08:48:10', '2017-01-18 12:34:07', '3c8948c8-0825-41fe-b40f-160323773332'),
 ('4', '4', 'fi_fi', '', NULL, '1', '2016-12-30 17:24:23', '2016-12-30 18:05:53', '6a43f2e5-52b1-4ac8-b98e-152865b5da9a'),
 ('5', '5', 'fi_fi', 'internet', 'kategoria/internet', '1', '2016-12-30 18:15:47', '2016-12-31 14:15:42', 'd279c30a-3ecc-43ca-a460-9c3ef428c27a'),
 ('6', '6', 'fi_fi', 'html', 'kategoria/html', '1', '2016-12-30 18:15:56', '2016-12-31 14:15:42', 'e7018201-fe5f-44e8-8b99-30b92e3be07d'),
 ('7', '7', 'fi_fi', 'css', 'kategoria/css', '1', '2016-12-30 18:16:01', '2016-12-31 14:15:42', '4ae6ac96-5390-41ac-9e05-225503d1eda3'),
 ('8', '8', 'fi_fi', 'javascript', 'kategoria/javascript', '1', '2016-12-30 18:16:10', '2016-12-31 14:15:42', 'ccc1a7aa-3410-435d-8245-2878343e7880'),
 ('9', '9', 'fi_fi', 'koodarin-tyokalut', 'kategoria/koodarin-tyokalut', '1', '2016-12-30 18:16:29', '2016-12-31 14:15:42', '869b51cc-ddd2-40c9-8ebf-57d346a568a4'),
 ('10', '10', 'fi_fi', 'sass', 'kategoria/css/sass', '1', '2016-12-30 18:24:14', '2016-12-31 14:15:42', '193bcd2e-cd0c-4e6b-91e8-370244feed81'),
 ('11', '11', 'fi_fi', 'animation', 'kategoria/css/animation', '1', '2016-12-30 18:24:24', '2016-12-31 14:15:42', '710f5972-25ee-40f5-ac29-5f7e05458f9f'),
 ('13', '13', 'fi_fi', '', NULL, '1', '2017-01-01 09:33:16', '2017-03-05 17:30:17', '5f875d43-28b3-4f23-8e70-f2d23ceda60a'),
 ('14', '14', 'fi_fi', '7-jur9k-mmsuuw-ej7-cexpk-getting-started-with-css-counters-420x210', NULL, '1', '2017-01-01 10:48:06', '2017-01-01 10:49:20', '1045dea2-3203-439c-8991-26fed65dbf5d'),
 ('16', '25', 'fi_fi', 'hello-world', 'general/hello-world', '1', '2017-01-01 20:05:46', '2017-03-05 17:58:48', 'aecae381-eafc-406f-9183-3038a74de8a6'),
 ('17', '26', 'fi_fi', 'what-i-learned-from-my-racist-run-in-illustrated', 'html/what-i-learned-from-my-racist-run-in-illustrated', '1', '2017-03-05 17:23:17', '2017-03-05 17:44:20', '35b91a7b-ce11-4c50-8024-d389eba502d8'),
 ('18', '27', 'fi_fi', 'general', 'kategoria/general', '1', '2017-03-05 17:49:52', '2017-03-05 17:51:12', '4a77bd9b-9b79-442c-b989-ffd62a331236');



DROP TABLE IF EXISTS `craft_emailmessages`;


--
-- Schema for table `craft_emailmessages`
--
CREATE TABLE `craft_emailmessages` (
  `id` int(11) NOT NULL AUTO_INCREMENT,
  `key` char(150) COLLATE utf8_unicode_ci NOT NULL,
  `locale` char(12) COLLATE utf8_unicode_ci NOT NULL,
  `subject` varchar(1000) COLLATE utf8_unicode_ci NOT NULL,
  `body` text COLLATE utf8_unicode_ci NOT NULL,
  `dateCreated` datetime NOT NULL,
  `dateUpdated` datetime NOT NULL,
  `uid` char(36) COLLATE utf8_unicode_ci NOT NULL DEFAULT '0',
  PRIMARY KEY (`id`),
  UNIQUE KEY `craft_emailmessages_key_locale_unq_idx` (`key`,`locale`),
  KEY `craft_emailmessages_locale_fk` (`locale`)
) ENGINE=InnoDB DEFAULT CHARSET=utf8 COLLATE=utf8_unicode_ci;

DROP TABLE IF EXISTS `craft_entries`;


--
-- Schema for table `craft_entries`
--
CREATE TABLE `craft_entries` (
  `id` int(11) NOT NULL,
  `sectionId` int(11) NOT NULL,
  `typeId` int(11) DEFAULT NULL,
  `authorId` int(11) DEFAULT NULL,
  `postDate` datetime DEFAULT NULL,
  `expiryDate` datetime DEFAULT NULL,
  `dateCreated` datetime NOT NULL,
  `dateUpdated` datetime NOT NULL,
  `uid` char(36) COLLATE utf8_unicode_ci NOT NULL DEFAULT '0',
  PRIMARY KEY (`id`),
  KEY `craft_entries_sectionId_idx` (`sectionId`),
  KEY `craft_entries_typeId_idx` (`typeId`),
  KEY `craft_entries_postDate_idx` (`postDate`),
  KEY `craft_entries_expiryDate_idx` (`expiryDate`),
  KEY `craft_entries_authorId_fk` (`authorId`)
) ENGINE=InnoDB DEFAULT CHARSET=utf8 COLLATE=utf8_unicode_ci;

--
-- Data for table `craft_entries`
--

INSERT INTO `craft_entries` (`id`, `sectionId`, `typeId`, `authorId`, `postDate`, `expiryDate`, `dateCreated`, `dateUpdated`, `uid`) VALUES
 ('2', '1', NULL, NULL, '2016-12-30 08:48:10', NULL, '2016-12-30 08:48:10', '2017-01-18 12:34:07', '9232b84d-bc81-4d83-91b3-b9e80241d5bf'),
 ('25', '2', '2', '1', '2017-01-01 20:05:00', NULL, '2017-01-01 20:05:46', '2017-03-05 17:58:48', 'bddc141a-18a3-4c93-b915-ffffae25f204'),
 ('26', '2', '2', '1', '2017-03-05 17:23:00', NULL, '2017-03-05 17:23:17', '2017-03-05 17:44:20', 'a1193696-587b-4d6d-81d1-e709a21d7e1f');



DROP TABLE IF EXISTS `craft_entrydrafts`;


--
-- Schema for table `craft_entrydrafts`
--
CREATE TABLE `craft_entrydrafts` (
  `id` int(11) NOT NULL AUTO_INCREMENT,
  `entryId` int(11) NOT NULL,
  `sectionId` int(11) NOT NULL,
  `creatorId` int(11) NOT NULL,
  `locale` char(12) COLLATE utf8_unicode_ci NOT NULL,
  `name` varchar(255) COLLATE utf8_unicode_ci NOT NULL,
  `notes` tinytext COLLATE utf8_unicode_ci,
  `data` mediumtext COLLATE utf8_unicode_ci NOT NULL,
  `dateCreated` datetime NOT NULL,
  `dateUpdated` datetime NOT NULL,
  `uid` char(36) COLLATE utf8_unicode_ci NOT NULL DEFAULT '0',
  PRIMARY KEY (`id`),
  KEY `craft_entrydrafts_entryId_locale_idx` (`entryId`,`locale`),
  KEY `craft_entrydrafts_sectionId_fk` (`sectionId`),
  KEY `craft_entrydrafts_creatorId_fk` (`creatorId`),
  KEY `craft_entrydrafts_locale_fk` (`locale`)
) ENGINE=InnoDB DEFAULT CHARSET=utf8 COLLATE=utf8_unicode_ci;

DROP TABLE IF EXISTS `craft_entrytypes`;


--
-- Schema for table `craft_entrytypes`
--
CREATE TABLE `craft_entrytypes` (
  `id` int(11) NOT NULL AUTO_INCREMENT,
  `sectionId` int(11) NOT NULL,
  `fieldLayoutId` int(11) DEFAULT NULL,
  `name` varchar(255) COLLATE utf8_unicode_ci NOT NULL,
  `handle` varchar(255) COLLATE utf8_unicode_ci NOT NULL,
  `hasTitleField` tinyint(1) unsigned NOT NULL DEFAULT '1',
  `titleLabel` varchar(255) COLLATE utf8_unicode_ci DEFAULT 'Title',
  `titleFormat` varchar(255) COLLATE utf8_unicode_ci DEFAULT NULL,
  `sortOrder` smallint(6) unsigned DEFAULT NULL,
  `dateCreated` datetime NOT NULL,
  `dateUpdated` datetime NOT NULL,
  `uid` char(36) COLLATE utf8_unicode_ci NOT NULL DEFAULT '0',
  PRIMARY KEY (`id`),
  UNIQUE KEY `craft_entrytypes_name_sectionId_unq_idx` (`name`,`sectionId`),
  UNIQUE KEY `craft_entrytypes_handle_sectionId_unq_idx` (`handle`,`sectionId`),
  KEY `craft_entrytypes_sectionId_fk` (`sectionId`),
  KEY `craft_entrytypes_fieldLayoutId_fk` (`fieldLayoutId`)
) ENGINE=InnoDB AUTO_INCREMENT=3 DEFAULT CHARSET=utf8 COLLATE=utf8_unicode_ci;

--
-- Data for table `craft_entrytypes`
--

INSERT INTO `craft_entrytypes` (`id`, `sectionId`, `fieldLayoutId`, `name`, `handle`, `hasTitleField`, `titleLabel`, `titleFormat`, `sortOrder`, `dateCreated`, `dateUpdated`, `uid`) VALUES
 ('1', '1', '3', 'Homepage', 'homepage', '1', 'Title', NULL, '1', '2016-12-30 08:48:10', '2016-12-30 08:48:10', '2dd0a4dd-5628-4bdb-8215-6236eaaf03d2'),
 ('2', '2', '29', 'Blogi', 'blog', '1', 'Title', NULL, '1', '2016-12-30 08:48:11', '2017-03-05 17:38:55', '0808e961-4f48-4757-9297-63f4195a0e79');



DROP TABLE IF EXISTS `craft_entryversions`;


--
-- Schema for table `craft_entryversions`
--
CREATE TABLE `craft_entryversions` (
  `id` int(11) NOT NULL AUTO_INCREMENT,
  `entryId` int(11) NOT NULL,
  `sectionId` int(11) NOT NULL,
  `creatorId` int(11) DEFAULT NULL,
  `locale` char(12) COLLATE utf8_unicode_ci NOT NULL,
  `num` smallint(6) unsigned NOT NULL,
  `notes` tinytext COLLATE utf8_unicode_ci,
  `data` mediumtext COLLATE utf8_unicode_ci NOT NULL,
  `dateCreated` datetime NOT NULL,
  `dateUpdated` datetime NOT NULL,
  `uid` char(36) COLLATE utf8_unicode_ci NOT NULL DEFAULT '0',
  PRIMARY KEY (`id`),
  KEY `craft_entryversions_entryId_locale_idx` (`entryId`,`locale`),
  KEY `craft_entryversions_sectionId_fk` (`sectionId`),
  KEY `craft_entryversions_creatorId_fk` (`creatorId`),
  KEY `craft_entryversions_locale_fk` (`locale`)
) ENGINE=InnoDB AUTO_INCREMENT=27 DEFAULT CHARSET=utf8 COLLATE=utf8_unicode_ci;

--
-- Data for table `craft_entryversions`
--

INSERT INTO `craft_entryversions` (`id`, `entryId`, `sectionId`, `creatorId`, `locale`, `num`, `notes`, `data`, `dateCreated`, `dateUpdated`, `uid`) VALUES
 ('1', '2', '1', '1', 'fi_fi', '1', NULL, '{\"typeId\":\"1\",\"authorId\":null,\"title\":\"Homepage\",\"slug\":\"homepage\",\"postDate\":1483087690,\"expiryDate\":null,\"enabled\":1,\"parentId\":null,\"fields\":[]}', '2016-12-30 08:48:10', '2016-12-30 08:48:10', 'f41eb287-fa55-4609-88fc-07a67fea8521'),
 ('2', '2', '1', '1', 'fi_fi', '2', NULL, '{\"typeId\":null,\"authorId\":null,\"title\":\"Welcome to Digikokki-craft!\",\"slug\":\"homepage\",\"postDate\":1483087690,\"expiryDate\":null,\"enabled\":\"1\",\"parentId\":null,\"fields\":{\"1\":\"<p>It\\u2019s true, this site doesn\\u2019t have a whole lot of content yet, but don\\u2019t worry. Our web developers have just installed the CMS, and they\\u2019re setting things up for the content editors this very moment. Soon Digikokki-craft will be an oasis of fresh perspectives, sharp analyses, and astute opinions that will keep you coming back again and again.<\\/p>\"}}', '2016-12-30 08:48:11', '2016-12-30 08:48:11', '99b0ff88-748b-4e6e-8431-b7eddd99f652'),
 ('16', '25', '2', '1', 'fi_fi', '1', '', '{\"typeId\":null,\"authorId\":\"1\",\"title\":\"Hello World!\",\"slug\":\"hello-world\",\"postDate\":1483301146,\"expiryDate\":null,\"enabled\":1,\"parentId\":null,\"fields\":{\"3\":\"\",\"7\":[\"14\"],\"1\":\"<p>Craft is the CMS that\\u2019s powering Digikokki-craft. It\\u2019s beautiful, powerful, flexible, and easy-to-use, and it\\u2019s made by Pixel & Tonic.&nbsp;<\\/p>\\r\\n<p>We can\\u2019t wait to dive in and see what it\\u2019s capable of!<\\/p>\\r\\n<p>This is even more captivating content, which you couldn\\u2019t see on the News index page because it was entered after a Page Break, and the News index template only likes to show the content on the first page.<\\/p>\\r\\n<p>Craft: a nice alternative to Word, if you\\u2019re making a website.<\\/p>\",\"4\":[\"5\"]}}', '2017-01-01 20:05:46', '2017-01-01 20:05:46', '7a35b5c1-e57e-4993-9ce1-c37b72ab07e4'),
 ('17', '2', '1', '1', 'fi_fi', '3', '', '{\"typeId\":null,\"authorId\":null,\"title\":\"Moi, olen Andreas ja t\\u00e4m\\u00e4 t\\u00e4ss\\u00e4 on Digikokki sivustoni.\",\"slug\":\"homepage\",\"postDate\":1483087690,\"expiryDate\":null,\"enabled\":1,\"parentId\":null,\"fields\":{\"1\":\"<p>Sain 2016 ajatuksen perustaa Youtubeen kanavan jossa opastan koodauksen saloihin. Samalla n\\u00e4ytt\\u00e4isin p\\u00e4ivitt\\u00e4ist\\u00e4 arkeani ja kiinnostustani IT-alasta.<br>&nbsp; &nbsp; Sivulla aihealueet vaihtelevat teknisist\\u00e4 vapaamuotoisiin lifestyle aiheisiin. Pyrin pit\\u00e4m\\u00e4\\u00e4n asiat simppelein\\u00e4 jotta sin\\u00e4 lukija\\/katsoja voit oppia esim. koodaamaan HTML sivuja. En varsinaisesti opasta ohjelmointia,<br>&nbsp; &nbsp; mutta n\\u00e4yt\\u00e4n hieman javascript ohjelmointia.<\\/p>\"}}', '2017-01-18 12:32:51', '2017-01-18 12:32:51', 'd32e54ce-c844-4538-bd67-706ad5b1a35c'),
 ('18', '2', '1', '1', 'fi_fi', '4', '', '{\"typeId\":null,\"authorId\":null,\"title\":\"Moi, olen Andreas ja t\\u00e4m\\u00e4 t\\u00e4ss\\u00e4 on Digikokki sivustoni.\",\"slug\":\"homepage\",\"postDate\":1483087690,\"expiryDate\":null,\"enabled\":1,\"parentId\":null,\"fields\":{\"1\":\"Sain 2016 ajatuksen perustaa Youtubeen kanavan jossa opastan koodauksen saloihin. Samalla n\\u00e4ytt\\u00e4isin p\\u00e4ivitt\\u00e4ist\\u00e4 arkeani ja kiinnostustani IT-alasta.<br>&nbsp; &nbsp; Sivulla aihealueet vaihtelevat teknisist\\u00e4 vapaamuotoisiin lifestyle aiheisiin. Pyrin pit\\u00e4m\\u00e4\\u00e4n asiat simppelein\\u00e4 jotta sin\\u00e4 lukija\\/katsoja voit oppia esim. koodaamaan HTML sivuja. En varsinaisesti opasta ohjelmointia,<br>&nbsp; &nbsp; mutta n\\u00e4yt\\u00e4n hieman javascript ohjelmointia.\"}}', '2017-01-18 12:33:42', '2017-01-18 12:33:42', 'b25765ac-29d7-422a-a812-36ff69e155f0'),
 ('19', '2', '1', '1', 'fi_fi', '5', '', '{\"typeId\":null,\"authorId\":null,\"title\":\"Moi, olen Andreas ja t\\u00e4m\\u00e4 t\\u00e4ss\\u00e4 on Digikokki sivustoni.\",\"slug\":\"homepage\",\"postDate\":1483087690,\"expiryDate\":null,\"enabled\":1,\"parentId\":null,\"fields\":{\"1\":\"<p>Sain 2016 ajatuksen perustaa Youtubeen kanavan jossa opastan koodauksen saloihin. Samalla n\\u00e4ytt\\u00e4isin p\\u00e4ivitt\\u00e4ist\\u00e4 arkeani ja kiinnostustani IT-alasta.&nbsp;Sivulla aihealueet vaihtelevat teknisist\\u00e4 vapaamuotoisiin lifestyle aiheisiin. Pyrin pit\\u00e4m\\u00e4\\u00e4n asiat simppelein\\u00e4 jotta sin\\u00e4 lukija\\/katsoja voit oppia esim. koodaamaan HTML sivuja. En varsinaisesti opasta ohjelmointia,&nbsp;mutta n\\u00e4yt\\u00e4n hieman javascript ohjelmointia.<\\/p>\"}}', '2017-01-18 12:34:07', '2017-01-18 12:34:07', '78df69c4-8c30-4f6a-b28a-f500dd0ad30f'),
 ('20', '26', '2', '1', 'fi_fi', '1', '', '{\"typeId\":null,\"authorId\":\"1\",\"title\":\"What I learned from my racist run-in (illustrated)\",\"slug\":\"what-i-learned-from-my-racist-run-in-illustrated\",\"postDate\":1488734597,\"expiryDate\":null,\"enabled\":1,\"parentId\":null,\"fields\":{\"3\":[\"8\"],\"7\":[\"14\"],\"1\":\"<p>Back in July, I had a racist encounter. I say \\u201cencounter\\u201d because when you have skin as light as mine, experiences with racism can feel pretty alien. I don\\u2019t think about the incident often, but certain things &mdash; like aged subway stations or eggs Benedict on waffles &mdash; conjure up the memory. Lately, I\\u2019ve found myself eating a lot of eggs and doing a lot of thinking.<\\/p>\\r\\n<p><br><\\/p>\\r\\n<p>My boyfriend and I hop on the subway. The man standing next to us strikes up a conversation. We laugh and chat, enjoying the company of a stranger. Then the man begins to speculate about my white boyfriend\\u2019s background, to which he responds that he\\u2019s British. Then it\\u2019s my turn. \\u201cAnd you, you must be Portuguese or Italian,\\u201d the man says. \\u201cI\\u2019m actually Persian &mdash; Iranian.\\u201d The man turns to my boyfriend. \\u201cBe careful. She\\u2019s going to blow up.\\u201d<br><\\/p>\",\"4\":[\"6\"]}}', '2017-03-05 17:23:17', '2017-03-05 17:23:17', 'f82f742d-8e30-49a7-b43a-4283fb1a58df'),
 ('21', '26', '2', '1', 'fi_fi', '2', '', '{\"typeId\":\"2\",\"authorId\":\"1\",\"title\":\"What I learned from my racist run-in (illustrated)\",\"slug\":\"what-i-learned-from-my-racist-run-in-illustrated\",\"postDate\":1488734580,\"expiryDate\":null,\"enabled\":1,\"parentId\":null,\"fields\":{\"8\":\"Buttons like you\\u2019ve never seen them before! Probably.\",\"3\":[\"8\"],\"7\":[\"14\"],\"1\":\"<p>Back in July, I had a racist encounter. I say \\u201cencounter\\u201d because when you have skin as light as mine, experiences with racism can feel pretty alien. I don\\u2019t think about the incident often, but certain things &mdash; like aged subway stations or eggs Benedict on waffles &mdash; conjure up the memory. Lately, I\\u2019ve found myself eating a lot of eggs and doing a lot of thinking.<\\/p>\\r\\n<p><br><\\/p>\\r\\n<p>My boyfriend and I hop on the subway. The man standing next to us strikes up a conversation. We laugh and chat, enjoying the company of a stranger. Then the man begins to speculate about my white boyfriend\\u2019s background, to which he responds that he\\u2019s British. Then it\\u2019s my turn. \\u201cAnd you, you must be Portuguese or Italian,\\u201d the man says. \\u201cI\\u2019m actually Persian &mdash; Iranian.\\u201d The man turns to my boyfriend. \\u201cBe careful. She\\u2019s going to blow up.\\u201d<br><\\/p>\",\"4\":[\"6\"]}}', '2017-03-05 17:44:20', '2017-03-05 17:44:20', '30227538-361a-4d55-aa4a-7294cc456d08'),
 ('22', '25', '2', '1', 'fi_fi', '2', '', '{\"typeId\":\"2\",\"authorId\":\"1\",\"title\":\"Tervetuloa!\",\"slug\":\"hello-world\",\"postDate\":1483301100,\"expiryDate\":null,\"enabled\":1,\"parentId\":null,\"fields\":{\"8\":\"Vihdoinkin olen saanut tehty\\u00e4 omat sivut josta l\\u00f6yt\\u00e4\\u00e4 kattavasti tietoa koodaukseen.\",\"3\":\"\",\"7\":[\"14\"],\"1\":\"<p>Craft is the CMS that\\u2019s powering Digikokki-craft. It\\u2019s beautiful, powerful, flexible, and easy-to-use, and it\\u2019s made by Pixel & Tonic.&nbsp;<\\/p>\\r\\n<p>We can\\u2019t wait to dive in and see what it\\u2019s capable of!<\\/p>\\r\\n<p>This is even more captivating content, which you couldn\\u2019t see on the News index page because it was entered after a Page Break, and the News index template only likes to show the content on the first page.<\\/p>\\r\\n<p>Craft: a nice alternative to Word, if you\\u2019re making a website.<\\/p>\",\"4\":[\"27\"]}}', '2017-03-05 17:51:11', '2017-03-05 17:51:11', '8e350334-201c-43cf-ab7e-c0ff61916275'),
 ('23', '25', '2', '1', 'fi_fi', '3', '', '{\"typeId\":\"2\",\"authorId\":\"1\",\"title\":\"Tervetuloa!\",\"slug\":\"hello-world\",\"postDate\":1483301100,\"expiryDate\":null,\"enabled\":1,\"parentId\":null,\"fields\":{\"8\":\"Vihdoinkin olen saanut tehty\\u00e4 omat sivut josta l\\u00f6yt\\u00e4\\u00e4 kattavasti tietoa koodaukseen.\",\"3\":\"\",\"7\":[\"14\"],\"1\":\"<p>Craft is the CMS that\\u2019s powering Digikokki-craft. It\\u2019s beautiful, powerful, flexible, and easy-to-use, and it\\u2019s made by Pixel & Tonic.&nbsp;<\\/p>\\r\\n<p>We can\\u2019t wait to dive in and see what it\\u2019s capable of!<\\/p>\\r\\n<p>This is even more captivating content, which you couldn\\u2019t see on the News index page because it was entered after a Page Break, and the News index template only likes to show the content on the first page.<\\/p>\\r\\n<p>Craft: a nice alternative to Word, if you\\u2019re making a website.<\\/p>\",\"4\":[\"27\"]}}', '2017-03-05 17:51:12', '2017-03-05 17:51:12', 'c143156b-bbf9-4493-b588-a01e2681dddf'),
 ('24', '25', '2', '1', 'fi_fi', '4', '', '{\"typeId\":\"2\",\"authorId\":\"1\",\"title\":\"Tervetuloa!\",\"slug\":\"hello-world\",\"postDate\":1483301100,\"expiryDate\":null,\"enabled\":1,\"parentId\":null,\"fields\":{\"8\":\"Vihdoinkin olen saanut tehty\\u00e4 sivut josta l\\u00f6yt\\u00e4\\u00e4 kattavasti tietoa koodaukseen. \",\"3\":\"\",\"7\":[\"14\"],\"1\":\"<p>Nyt se on vihdoin julkista, nimitt\\u00e4in n\\u00e4m\\u00e4 sivut joita on tehty uudelleen ja uudelleen kerran toisen j\\u00e4lkeen. Nyt olen t\\u00e4h\\u00e4n versioon tyytyv\\u00e4inen. Aina kun itselleen tekee jotain suhtautuu siihen todella kriittisesti ja tekemisest\\u00e4 ei meinaa tulla oikein mit\\u00e4\\u00e4n.&nbsp;<\\/p><p>N\\u00e4m\\u00e4 sivut tulevat sis\\u00e4lt\\u00e4m\\u00e4\\u00e4n videota, podcasteja ja perinteisi\\u00e4 blogi artikkeleita.&nbsp;<\\/p>\",\"4\":[\"27\"]}}', '2017-03-05 17:54:20', '2017-03-05 17:54:20', '6746a1cc-c0bf-4486-ae88-d243022b1e36'),
 ('25', '25', '2', '1', 'fi_fi', '5', '', '{\"typeId\":\"2\",\"authorId\":\"1\",\"title\":\"Tervetuloa!\",\"slug\":\"hello-world\",\"postDate\":1483301100,\"expiryDate\":null,\"enabled\":1,\"parentId\":null,\"fields\":{\"8\":\"Vihdoinkin olen saanut tehty\\u00e4 sivut josta l\\u00f6yt\\u00e4\\u00e4 kattavasti tietoa koodaukseen. \",\"3\":\"\",\"7\":[\"14\"],\"1\":\"<p>Nyt se on vihdoin julkista, nimitt\\u00e4in n\\u00e4m\\u00e4 sivut joita on tehty uudelleen ja uudelleen kerran toisen j\\u00e4lkeen. Nyt olen t\\u00e4h\\u00e4n versioon tyytyv\\u00e4inen. Aina kun itselleen tekee jotain suhtautuu siihen todella kriittisesti ja tekemisest\\u00e4 ei meinaa tulla oikein mit\\u00e4\\u00e4n.&nbsp;<\\/p>\\r\\n<p>N\\u00e4m\\u00e4 sivut tulevat sis\\u00e4lt\\u00e4m\\u00e4\\u00e4n videota, podcasteja ja perinteisi\\u00e4 blogi artikkeleita.&nbsp;<\\/p><p><br><\\/p><blockquote>Back in July, I had a racist encounter. I say \\u201cencounter\\u201d because when you have skin as light as mine, experiences with racism can feel pretty alien. I don\\u2019t think about the incident often, but certain things &mdash; like aged subway stations or eggs Benedict on waffles &mdash; conjure up the memory. Lately, I\\u2019ve found myself eating a lot of eggs and doing a lot of thinking.<br><\\/blockquote><p>Mit\\u00e4s t\\u00e4ss\\u00e4<\\/p>\",\"4\":[\"27\"]}}', '2017-03-05 17:55:38', '2017-03-05 17:55:38', 'bd1f0713-435c-40ef-b661-098a787b72e6'),
 ('26', '25', '2', '1', 'fi_fi', '6', '', '{\"typeId\":\"2\",\"authorId\":\"1\",\"title\":\"Tervetuloa!\",\"slug\":\"hello-world\",\"postDate\":1483301100,\"expiryDate\":null,\"enabled\":1,\"parentId\":null,\"fields\":{\"8\":\"Vihdoinkin olen saanut tehty\\u00e4 sivut josta l\\u00f6yt\\u00e4\\u00e4 kattavasti tietoa koodaukseen. \",\"3\":\"\",\"7\":[\"14\"],\"1\":\"<p>Nyt se on vihdoin julkista, nimitt\\u00e4in n\\u00e4m\\u00e4 sivut joita on tehty uudelleen ja uudelleen kerran toisen j\\u00e4lkeen. Nyt olen t\\u00e4h\\u00e4n versioon tyytyv\\u00e4inen. Aina kun itselleen tekee jotain suhtautuu siihen todella kriittisesti ja tekemisest\\u00e4 ei meinaa tulla oikein mit\\u00e4\\u00e4n.&nbsp;<\\/p>\\r\\n<p>N\\u00e4m\\u00e4 sivut tulevat sis\\u00e4lt\\u00e4m\\u00e4\\u00e4n videota, podcasteja ja perinteisi\\u00e4 blogi artikkeleita.&nbsp;<\\/p>\\r\\n<p><br><\\/p>\\r\\n<blockquote>Back in July, I had a racist encounter. I say \\u201cencounter\\u201d because when you have skin as light as mine, experiences with racism can feel pretty alien. I don\\u2019t think about the incident often, but certain things &mdash; like aged subway stations or eggs Benedict on waffles &mdash; conjure up the memory. Lately, I\\u2019ve found myself eating a lot of eggs and doing a lot of thinking.<\\/blockquote>\\r\\n<p>Mit\\u00e4s t\\u00e4ss\\u00e4 t\\u00e4m\\u00e4 aloitetaan katsomaan hieman koodia.<\\/p><pre>\\r\\n&lt;!DOCTYPE html&gt; <\\/pre>\",\"4\":[\"27\"]}}', '2017-03-05 17:58:48', '2017-03-05 17:58:48', '236a72ac-7540-4924-a47c-d5b532b55c77');



DROP TABLE IF EXISTS `craft_fieldgroups`;


--
-- Schema for table `craft_fieldgroups`
--
CREATE TABLE `craft_fieldgroups` (
  `id` int(11) NOT NULL AUTO_INCREMENT,
  `name` varchar(255) COLLATE utf8_unicode_ci NOT NULL,
  `dateCreated` datetime NOT NULL,
  `dateUpdated` datetime NOT NULL,
  `uid` char(36) COLLATE utf8_unicode_ci NOT NULL DEFAULT '0',
  PRIMARY KEY (`id`),
  UNIQUE KEY `craft_fieldgroups_name_unq_idx` (`name`)
) ENGINE=InnoDB AUTO_INCREMENT=4 DEFAULT CHARSET=utf8 COLLATE=utf8_unicode_ci;

--
-- Data for table `craft_fieldgroups`
--

INSERT INTO `craft_fieldgroups` (`id`, `name`, `dateCreated`, `dateUpdated`, `uid`) VALUES
 ('1', 'Default', '2016-12-30 08:48:10', '2016-12-30 08:48:10', '9ebbb3c8-e812-4bb6-9d26-62d9b7dde8c8'),
 ('2', 'Asetukset', '2017-01-01 09:33:59', '2017-01-01 10:40:18', '477f83d6-f970-495c-ab0a-f6c2d8044010'),
 ('3', 'Blogi', '2017-01-01 10:39:46', '2017-01-01 10:39:46', '3e693344-4b53-442e-aa4c-559c6de0d222');



DROP TABLE IF EXISTS `craft_fieldlayoutfields`;


--
-- Schema for table `craft_fieldlayoutfields`
--
CREATE TABLE `craft_fieldlayoutfields` (
  `id` int(11) NOT NULL AUTO_INCREMENT,
  `layoutId` int(11) NOT NULL,
  `tabId` int(11) NOT NULL,
  `fieldId` int(11) NOT NULL,
  `required` tinyint(1) unsigned NOT NULL DEFAULT '0',
  `sortOrder` smallint(6) unsigned DEFAULT NULL,
  `dateCreated` datetime NOT NULL,
  `dateUpdated` datetime NOT NULL,
  `uid` char(36) COLLATE utf8_unicode_ci NOT NULL DEFAULT '0',
  PRIMARY KEY (`id`),
  UNIQUE KEY `craft_fieldlayoutfields_layoutId_fieldId_unq_idx` (`layoutId`,`fieldId`),
  KEY `craft_fieldlayoutfields_sortOrder_idx` (`sortOrder`),
  KEY `craft_fieldlayoutfields_tabId_fk` (`tabId`),
  KEY `craft_fieldlayoutfields_fieldId_fk` (`fieldId`)
) ENGINE=InnoDB AUTO_INCREMENT=35 DEFAULT CHARSET=utf8 COLLATE=utf8_unicode_ci;

--
-- Data for table `craft_fieldlayoutfields`
--

INSERT INTO `craft_fieldlayoutfields` (`id`, `layoutId`, `tabId`, `fieldId`, `required`, `sortOrder`, `dateCreated`, `dateUpdated`, `uid`) VALUES
 ('1', '3', '1', '1', '1', '1', '2016-12-30 08:48:10', '2016-12-30 08:48:10', '22656c1d-d8fe-487d-b2eb-6c55afcddd6d'),
 ('9', '15', '6', '1', '0', '1', '2016-12-30 17:51:35', '2016-12-30 17:51:35', 'caa6f6ab-b5ba-431c-847e-796ffdfcfbc8'),
 ('20', '22', '12', '5', '0', '1', '2017-01-01 08:56:54', '2017-01-01 08:56:54', '539aefc4-2aae-4bda-b24d-1d3351096cc5'),
 ('21', '24', '13', '6', '0', '1', '2017-01-01 09:35:34', '2017-01-01 09:35:34', 'e4af540c-a5d8-43df-bc0c-6fbf63726654'),
 ('30', '29', '16', '4', '1', '1', '2017-03-05 17:38:55', '2017-03-05 17:38:55', 'c60ef394-0bc1-4a38-b5d7-30514cdffd51'),
 ('31', '29', '16', '7', '1', '2', '2017-03-05 17:38:55', '2017-03-05 17:38:55', 'ec4d8cd9-d600-4554-959e-67343a4a4ec7'),
 ('32', '29', '16', '8', '0', '3', '2017-03-05 17:38:55', '2017-03-05 17:38:55', '49a0978a-e67d-483d-9601-321cc60684f4'),
 ('33', '29', '16', '1', '1', '4', '2017-03-05 17:38:55', '2017-03-05 17:38:55', '0d9cb739-b1cb-4460-ab37-a86c6e445d9e'),
 ('34', '29', '16', '3', '0', '5', '2017-03-05 17:38:55', '2017-03-05 17:38:55', '46cc6bf3-d6cd-45b4-8e45-a4869ebd90bb');



DROP TABLE IF EXISTS `craft_fieldlayouts`;


--
-- Schema for table `craft_fieldlayouts`
--
CREATE TABLE `craft_fieldlayouts` (
  `id` int(11) NOT NULL AUTO_INCREMENT,
  `type` varchar(150) COLLATE utf8_unicode_ci NOT NULL,
  `dateCreated` datetime NOT NULL,
  `dateUpdated` datetime NOT NULL,
  `uid` char(36) COLLATE utf8_unicode_ci NOT NULL DEFAULT '0',
  PRIMARY KEY (`id`),
  KEY `craft_fieldlayouts_type_idx` (`type`)
) ENGINE=InnoDB AUTO_INCREMENT=30 DEFAULT CHARSET=utf8 COLLATE=utf8_unicode_ci;

--
-- Data for table `craft_fieldlayouts`
--

INSERT INTO `craft_fieldlayouts` (`id`, `type`, `dateCreated`, `dateUpdated`, `uid`) VALUES
 ('1', 'Tag', '2016-12-30 08:48:10', '2016-12-30 08:48:10', 'a4a77e0d-a666-49f9-b13d-4e6df17b8e94'),
 ('3', 'Entry', '2016-12-30 08:48:10', '2016-12-30 08:48:10', 'c3acfbb0-e562-4367-8ba5-9c546c6d9b09'),
 ('15', 'GlobalSet', '2016-12-30 17:51:35', '2016-12-30 17:51:35', '55b5bafd-f21b-4544-b09a-a1c883f2e8fa'),
 ('22', 'Category', '2017-01-01 08:56:54', '2017-01-01 08:56:54', 'be56d8a3-7be0-4efb-98c4-9ff7be86d97f'),
 ('24', 'GlobalSet', '2017-01-01 09:35:34', '2017-01-01 09:35:34', 'e4bd8db2-5a91-43a5-85fd-52a71fd8b738'),
 ('28', 'Asset', '2017-01-01 15:56:08', '2017-01-01 15:56:08', '628c80f0-d55f-4d66-8842-a0bf5b9dfb0f'),
 ('29', 'Entry', '2017-03-05 17:38:55', '2017-03-05 17:38:55', 'a0cab2e7-1bae-47ff-bb6c-432b6493ba33');



DROP TABLE IF EXISTS `craft_fieldlayouttabs`;


--
-- Schema for table `craft_fieldlayouttabs`
--
CREATE TABLE `craft_fieldlayouttabs` (
  `id` int(11) NOT NULL AUTO_INCREMENT,
  `layoutId` int(11) NOT NULL,
  `name` varchar(255) COLLATE utf8_unicode_ci NOT NULL,
  `sortOrder` smallint(6) unsigned DEFAULT NULL,
  `dateCreated` datetime NOT NULL,
  `dateUpdated` datetime NOT NULL,
  `uid` char(36) COLLATE utf8_unicode_ci NOT NULL DEFAULT '0',
  PRIMARY KEY (`id`),
  KEY `craft_fieldlayouttabs_sortOrder_idx` (`sortOrder`),
  KEY `craft_fieldlayouttabs_layoutId_fk` (`layoutId`)
) ENGINE=InnoDB AUTO_INCREMENT=17 DEFAULT CHARSET=utf8 COLLATE=utf8_unicode_ci;

--
-- Data for table `craft_fieldlayouttabs`
--

INSERT INTO `craft_fieldlayouttabs` (`id`, `layoutId`, `name`, `sortOrder`, `dateCreated`, `dateUpdated`, `uid`) VALUES
 ('1', '3', 'Content', '1', '2016-12-30 08:48:10', '2016-12-30 08:48:10', 'c66c5779-d0ff-4c6d-8003-5fdfecc2336a'),
 ('6', '15', 'Content', '1', '2016-12-30 17:51:35', '2016-12-30 17:51:35', 'ab2ed84c-84e9-4c8a-a0f7-905b164472c7'),
 ('12', '22', 'Tab 1', '1', '2017-01-01 08:56:54', '2017-01-01 08:56:54', 'c2fd90f1-d262-49f5-922c-ec60aca389fe'),
 ('13', '24', 'Content', '1', '2017-01-01 09:35:34', '2017-01-01 09:35:34', 'db9ffc58-65bb-412d-8d77-4f9e2a65138e'),
 ('16', '29', 'Content', '1', '2017-03-05 17:38:55', '2017-03-05 17:38:55', '6e7bff6e-e99f-4c21-a8c6-b08de52af331');



DROP TABLE IF EXISTS `craft_fields`;


--
-- Schema for table `craft_fields`
--
CREATE TABLE `craft_fields` (
  `id` int(11) NOT NULL AUTO_INCREMENT,
  `groupId` int(11) DEFAULT NULL,
  `name` varchar(255) COLLATE utf8_unicode_ci NOT NULL,
  `handle` varchar(58) COLLATE utf8_unicode_ci NOT NULL,
  `context` varchar(255) COLLATE utf8_unicode_ci NOT NULL DEFAULT 'global',
  `instructions` text COLLATE utf8_unicode_ci,
  `translatable` tinyint(1) unsigned NOT NULL DEFAULT '0',
  `type` varchar(150) COLLATE utf8_unicode_ci NOT NULL,
  `settings` text COLLATE utf8_unicode_ci,
  `dateCreated` datetime NOT NULL,
  `dateUpdated` datetime NOT NULL,
  `uid` char(36) COLLATE utf8_unicode_ci NOT NULL DEFAULT '0',
  PRIMARY KEY (`id`),
  UNIQUE KEY `craft_fields_handle_context_unq_idx` (`handle`,`context`),
  KEY `craft_fields_context_idx` (`context`),
  KEY `craft_fields_groupId_fk` (`groupId`)
) ENGINE=InnoDB AUTO_INCREMENT=9 DEFAULT CHARSET=utf8 COLLATE=utf8_unicode_ci;

--
-- Data for table `craft_fields`
--

INSERT INTO `craft_fields` (`id`, `groupId`, `name`, `handle`, `context`, `instructions`, `translatable`, `type`, `settings`, `dateCreated`, `dateUpdated`, `uid`) VALUES
 ('1', '1', 'Body', 'body', 'global', NULL, '1', 'RichText', '{\"configFile\":\"Standard.json\",\"columnType\":\"text\"}', '2016-12-30 08:48:10', '2016-12-30 08:48:10', 'ad249daf-6691-43cd-a8fd-f571bfab3886'),
 ('2', '1', 'Tags', 'tags', 'global', NULL, '0', 'Tags', '{\"source\":\"taggroup:1\"}', '2016-12-30 08:48:10', '2016-12-30 08:48:10', 'e43c653b-539e-4cf9-9c2e-0e3eda8c4e05'),
 ('3', '3', 'Blogi kategoriat', 'blogiCategories', 'global', '', '0', 'Categories', '{\"source\":\"group:6\",\"limit\":\"\",\"selectionLabel\":\"\"}', '2016-12-30 18:17:50', '2017-01-01 20:01:23', 'd0535965-71ff-407a-a82c-b0c05b652a1c'),
 ('4', '1', 'Pääkategoriat', 'blogMainCategories', 'global', '', '0', 'Categories', '{\"source\":\"group:6\",\"limit\":\"1\",\"selectionLabel\":\"\"}', '2016-12-30 18:18:42', '2017-01-01 20:03:10', 'e1625a98-f520-4957-895d-65ad3725a2fc'),
 ('5', '1', 'Kategoria ikoni', 'kategoriaIkoni', 'global', '', '0', 'PlainText', '{\"placeholder\":\"\",\"maxLength\":\"\",\"multiline\":\"\",\"initialRows\":\"4\"}', '2016-12-31 09:08:29', '2016-12-31 09:08:29', '629c983e-5e56-47a9-b355-1b42881f3f26'),
 ('6', '2', 'Blog per sivu', 'postsPerPage', 'global', '', '0', 'Number', '{\"min\":\"1\",\"max\":\"\",\"decimals\":\"0\"}', '2017-01-01 09:35:20', '2017-03-05 17:28:40', 'e653905c-463e-4cf9-83b2-92e6d5be0614'),
 ('7', '3', 'Blogi kuva', 'featuredImage', 'global', '', '0', 'Assets', '{\"useSingleFolder\":\"\",\"sources\":[\"folder:1\"],\"defaultUploadLocationSource\":\"1\",\"defaultUploadLocationSubpath\":\"\",\"singleUploadLocationSource\":\"1\",\"singleUploadLocationSubpath\":\"\",\"restrictFiles\":\"\",\"limit\":\"1\",\"viewMode\":\"large\",\"selectionLabel\":\"P\\u00e4\\u00e4kuva blogi artikkelille\"}', '2017-01-01 10:43:22', '2017-01-01 10:45:56', '94660a57-5376-4e05-ac6d-35dfab7bc8fa'),
 ('8', '3', 'Blogi ala otsikko', 'blogiSubTittle', 'global', '', '0', 'PlainText', '{\"placeholder\":\"\",\"maxLength\":\"150\",\"multiline\":\"\",\"initialRows\":\"4\"}', '2017-03-05 17:37:57', '2017-03-05 17:38:16', 'df160984-08df-4577-971d-0169e2066897');



DROP TABLE IF EXISTS `craft_globalsets`;


--
-- Schema for table `craft_globalsets`
--
CREATE TABLE `craft_globalsets` (
  `id` int(11) NOT NULL,
  `name` varchar(255) COLLATE utf8_unicode_ci NOT NULL,
  `handle` varchar(255) COLLATE utf8_unicode_ci NOT NULL,
  `fieldLayoutId` int(10) DEFAULT NULL,
  `dateCreated` datetime NOT NULL,
  `dateUpdated` datetime NOT NULL,
  `uid` char(36) COLLATE utf8_unicode_ci NOT NULL DEFAULT '0',
  PRIMARY KEY (`id`),
  UNIQUE KEY `craft_globalsets_name_unq_idx` (`name`),
  UNIQUE KEY `craft_globalsets_handle_unq_idx` (`handle`),
  KEY `craft_globalsets_fieldLayoutId_fk` (`fieldLayoutId`)
) ENGINE=InnoDB DEFAULT CHARSET=utf8 COLLATE=utf8_unicode_ci;

--
-- Data for table `craft_globalsets`
--

INSERT INTO `craft_globalsets` (`id`, `name`, `handle`, `fieldLayoutId`, `dateCreated`, `dateUpdated`, `uid`) VALUES
 ('4', 'Digikokki sivu esittely', 'digikokkiSivuEsittely', '15', '2016-12-30 17:24:23', '2016-12-30 17:51:35', '7fe58876-a3e0-46dc-9d61-3630c4f1b15e'),
 ('13', 'Blogin asetukset', 'blogSettings', '24', '2017-01-01 09:33:16', '2017-01-01 09:35:34', '61d2cf98-7af5-4e4c-b08b-5722aa151031');



DROP TABLE IF EXISTS `craft_info`;


--
-- Schema for table `craft_info`
--
CREATE TABLE `craft_info` (
  `id` int(11) NOT NULL AUTO_INCREMENT,
  `version` varchar(50) COLLATE utf8_unicode_ci NOT NULL,
  `schemaVersion` varchar(15) COLLATE utf8_unicode_ci NOT NULL,
  `edition` tinyint(1) unsigned NOT NULL DEFAULT '0',
  `siteName` varchar(100) COLLATE utf8_unicode_ci NOT NULL,
  `siteUrl` varchar(255) COLLATE utf8_unicode_ci NOT NULL,
  `timezone` varchar(30) COLLATE utf8_unicode_ci DEFAULT NULL,
  `on` tinyint(1) unsigned NOT NULL DEFAULT '0',
  `maintenance` tinyint(1) unsigned NOT NULL DEFAULT '0',
  `dateCreated` datetime NOT NULL,
  `dateUpdated` datetime NOT NULL,
  `uid` char(36) COLLATE utf8_unicode_ci NOT NULL DEFAULT '0',
  PRIMARY KEY (`id`)
) ENGINE=InnoDB AUTO_INCREMENT=2 DEFAULT CHARSET=utf8 COLLATE=utf8_unicode_ci;

--
-- Data for table `craft_info`
--

INSERT INTO `craft_info` (`id`, `version`, `schemaVersion`, `edition`, `siteName`, `siteUrl`, `timezone`, `on`, `maintenance`, `dateCreated`, `dateUpdated`, `uid`) VALUES
 ('1', '2.6.2974', '2.6.9', '0', 'Digikokki', 'http://digikokki:8888/index.php', 'Europe/Helsinki', '1', '1', '2016-12-30 08:48:06', '2017-06-10 14:43:26', '9cee995f-823c-44b4-afc1-1ce8adb985f3');



DROP TABLE IF EXISTS `craft_locales`;


--
-- Schema for table `craft_locales`
--
CREATE TABLE `craft_locales` (
  `locale` char(12) COLLATE utf8_unicode_ci NOT NULL,
  `sortOrder` smallint(6) unsigned DEFAULT NULL,
  `dateCreated` datetime NOT NULL,
  `dateUpdated` datetime NOT NULL,
  `uid` char(36) COLLATE utf8_unicode_ci NOT NULL DEFAULT '0',
  PRIMARY KEY (`locale`),
  KEY `craft_locales_sortOrder_idx` (`sortOrder`)
) ENGINE=InnoDB DEFAULT CHARSET=utf8 COLLATE=utf8_unicode_ci;

--
-- Data for table `craft_locales`
--

INSERT INTO `craft_locales` (`locale`, `sortOrder`, `dateCreated`, `dateUpdated`, `uid`) VALUES
 ('fi_fi', '1', '2016-12-30 08:48:06', '2016-12-30 08:48:06', 'b017c767-fcea-4b9e-b742-399b5de00bb6');



DROP TABLE IF EXISTS `craft_matrixblocks`;


--
-- Schema for table `craft_matrixblocks`
--
CREATE TABLE `craft_matrixblocks` (
  `id` int(11) NOT NULL,
  `ownerId` int(11) NOT NULL,
  `fieldId` int(11) NOT NULL,
  `typeId` int(11) DEFAULT NULL,
  `sortOrder` smallint(6) unsigned DEFAULT NULL,
  `ownerLocale` char(12) COLLATE utf8_unicode_ci DEFAULT NULL,
  `dateCreated` datetime NOT NULL,
  `dateUpdated` datetime NOT NULL,
  `uid` char(36) COLLATE utf8_unicode_ci NOT NULL DEFAULT '0',
  PRIMARY KEY (`id`),
  KEY `craft_matrixblocks_ownerId_idx` (`ownerId`),
  KEY `craft_matrixblocks_fieldId_idx` (`fieldId`),
  KEY `craft_matrixblocks_typeId_idx` (`typeId`),
  KEY `craft_matrixblocks_sortOrder_idx` (`sortOrder`),
  KEY `craft_matrixblocks_ownerLocale_fk` (`ownerLocale`)
) ENGINE=InnoDB DEFAULT CHARSET=utf8 COLLATE=utf8_unicode_ci;

DROP TABLE IF EXISTS `craft_matrixblocktypes`;


--
-- Schema for table `craft_matrixblocktypes`
--
CREATE TABLE `craft_matrixblocktypes` (
  `id` int(11) NOT NULL AUTO_INCREMENT,
  `fieldId` int(11) NOT NULL,
  `fieldLayoutId` int(11) DEFAULT NULL,
  `name` varchar(255) COLLATE utf8_unicode_ci NOT NULL,
  `handle` varchar(255) COLLATE utf8_unicode_ci NOT NULL,
  `sortOrder` smallint(6) unsigned DEFAULT NULL,
  `dateCreated` datetime NOT NULL,
  `dateUpdated` datetime NOT NULL,
  `uid` char(36) COLLATE utf8_unicode_ci NOT NULL DEFAULT '0',
  PRIMARY KEY (`id`),
  UNIQUE KEY `craft_matrixblocktypes_name_fieldId_unq_idx` (`name`,`fieldId`),
  UNIQUE KEY `craft_matrixblocktypes_handle_fieldId_unq_idx` (`handle`,`fieldId`),
  KEY `craft_matrixblocktypes_fieldId_fk` (`fieldId`),
  KEY `craft_matrixblocktypes_fieldLayoutId_fk` (`fieldLayoutId`)
) ENGINE=InnoDB DEFAULT CHARSET=utf8 COLLATE=utf8_unicode_ci;

DROP TABLE IF EXISTS `craft_migrations`;


--
-- Schema for table `craft_migrations`
--
CREATE TABLE `craft_migrations` (
  `id` int(11) NOT NULL AUTO_INCREMENT,
  `pluginId` int(11) DEFAULT NULL,
  `version` varchar(255) COLLATE utf8_unicode_ci NOT NULL,
  `applyTime` datetime NOT NULL,
  `dateCreated` datetime NOT NULL,
  `dateUpdated` datetime NOT NULL,
  `uid` char(36) COLLATE utf8_unicode_ci NOT NULL DEFAULT '0',
  PRIMARY KEY (`id`),
  UNIQUE KEY `craft_migrations_version_unq_idx` (`version`),
  KEY `craft_migrations_pluginId_fk` (`pluginId`)
) ENGINE=InnoDB AUTO_INCREMENT=47 DEFAULT CHARSET=utf8 COLLATE=utf8_unicode_ci;

--
-- Data for table `craft_migrations`
--

INSERT INTO `craft_migrations` (`id`, `pluginId`, `version`, `applyTime`, `dateCreated`, `dateUpdated`, `uid`) VALUES
 ('1', NULL, 'm000000_000000_base', '2016-12-30 08:48:06', '2016-12-30 08:48:06', '2016-12-30 08:48:06', '1474c308-b1c5-4334-bc9d-9ae64ff21ba5'),
 ('2', NULL, 'm140730_000001_add_filename_and_format_to_transformindex', '2016-12-30 08:48:06', '2016-12-30 08:48:06', '2016-12-30 08:48:06', '4ac5706b-0592-4ed7-b022-d5343b06cf59'),
 ('3', NULL, 'm140815_000001_add_format_to_transforms', '2016-12-30 08:48:06', '2016-12-30 08:48:06', '2016-12-30 08:48:06', 'e9d6ccde-823e-44ef-bae7-3335ae1b498b'),
 ('4', NULL, 'm140822_000001_allow_more_than_128_items_per_field', '2016-12-30 08:48:06', '2016-12-30 08:48:06', '2016-12-30 08:48:06', '932d6111-9dc9-4be8-a674-3ecf4c9daada'),
 ('5', NULL, 'm140829_000001_single_title_formats', '2016-12-30 08:48:06', '2016-12-30 08:48:06', '2016-12-30 08:48:06', '8a212194-8341-4965-95da-d52cd982af19'),
 ('6', NULL, 'm140831_000001_extended_cache_keys', '2016-12-30 08:48:06', '2016-12-30 08:48:06', '2016-12-30 08:48:06', '7c4e23c6-df8f-47fe-828a-927a8b439be5'),
 ('7', NULL, 'm140922_000001_delete_orphaned_matrix_blocks', '2016-12-30 08:48:06', '2016-12-30 08:48:06', '2016-12-30 08:48:06', 'c98329c1-2b21-4fba-abe4-eb586929a4e3'),
 ('8', NULL, 'm141008_000001_elements_index_tune', '2016-12-30 08:48:06', '2016-12-30 08:48:06', '2016-12-30 08:48:06', '9264d947-4cf2-48ba-bab1-ae9446f54d92'),
 ('9', NULL, 'm141009_000001_assets_source_handle', '2016-12-30 08:48:06', '2016-12-30 08:48:06', '2016-12-30 08:48:06', '1e3cf8ff-3378-4c69-b7cb-d77bd7c334d4'),
 ('10', NULL, 'm141024_000001_field_layout_tabs', '2016-12-30 08:48:06', '2016-12-30 08:48:06', '2016-12-30 08:48:06', '44f212f7-daee-4f28-957c-224074096e9f'),
 ('11', NULL, 'm141030_000000_plugin_schema_versions', '2016-12-30 08:48:06', '2016-12-30 08:48:06', '2016-12-30 08:48:06', '406e7079-36a1-4bba-8088-a789d931b349'),
 ('12', NULL, 'm141030_000001_drop_structure_move_permission', '2016-12-30 08:48:06', '2016-12-30 08:48:06', '2016-12-30 08:48:06', 'f1d793c8-6093-485a-a35a-07f52ce4e706'),
 ('13', NULL, 'm141103_000001_tag_titles', '2016-12-30 08:48:06', '2016-12-30 08:48:06', '2016-12-30 08:48:06', 'd248eeb0-8c3f-4845-bdac-7a254026beec'),
 ('14', NULL, 'm141109_000001_user_status_shuffle', '2016-12-30 08:48:06', '2016-12-30 08:48:06', '2016-12-30 08:48:06', '5139580e-c4d9-45f8-9b1b-3414cfabebe9'),
 ('15', NULL, 'm141126_000001_user_week_start_day', '2016-12-30 08:48:06', '2016-12-30 08:48:06', '2016-12-30 08:48:06', '7cd92cdc-911c-4300-92dc-2c2d6350c894'),
 ('16', NULL, 'm150210_000001_adjust_user_photo_size', '2016-12-30 08:48:06', '2016-12-30 08:48:06', '2016-12-30 08:48:06', '250dd166-870e-4e57-ab81-0995dea1dac5'),
 ('17', NULL, 'm150724_000001_adjust_quality_settings', '2016-12-30 08:48:06', '2016-12-30 08:48:06', '2016-12-30 08:48:06', '641c1a76-9922-4503-853e-145deacc75b4'),
 ('18', NULL, 'm150827_000000_element_index_settings', '2016-12-30 08:48:06', '2016-12-30 08:48:06', '2016-12-30 08:48:06', '6fcd4511-d537-4c4a-a96d-4f6f30cf5995'),
 ('19', NULL, 'm150918_000001_add_colspan_to_widgets', '2016-12-30 08:48:06', '2016-12-30 08:48:06', '2016-12-30 08:48:06', '8e72c66c-8012-4608-9309-d6d9ee96bc2f'),
 ('20', NULL, 'm151007_000000_clear_asset_caches', '2016-12-30 08:48:06', '2016-12-30 08:48:06', '2016-12-30 08:48:06', 'a0c061b8-fa4a-441e-9397-4816916daeb8'),
 ('21', NULL, 'm151109_000000_text_url_formats', '2016-12-30 08:48:06', '2016-12-30 08:48:06', '2016-12-30 08:48:06', 'b57e8b7b-5071-473c-add6-29ccc8fadaf1'),
 ('22', NULL, 'm151110_000000_move_logo', '2016-12-30 08:48:06', '2016-12-30 08:48:06', '2016-12-30 08:48:06', 'eab52fb1-ac41-415a-bbf2-f5a17d472104'),
 ('23', NULL, 'm151117_000000_adjust_image_widthheight', '2016-12-30 08:48:06', '2016-12-30 08:48:06', '2016-12-30 08:48:06', '4a70c9c2-b5e7-428e-bacd-5f3fccd5ae6d'),
 ('24', NULL, 'm151127_000000_clear_license_key_status', '2016-12-30 08:48:06', '2016-12-30 08:48:06', '2016-12-30 08:48:06', 'd9eff585-96ff-4298-be3c-148081233aca'),
 ('25', NULL, 'm151127_000000_plugin_license_keys', '2016-12-30 08:48:06', '2016-12-30 08:48:06', '2016-12-30 08:48:06', '2d30f354-0aed-48c3-8e1f-200932bded58'),
 ('26', NULL, 'm151130_000000_update_pt_widget_feeds', '2016-12-30 08:48:06', '2016-12-30 08:48:06', '2016-12-30 08:48:06', '7fbef2fd-96ac-4895-9f7d-fb4f8aa68ddf'),
 ('27', NULL, 'm160114_000000_asset_sources_public_url_default_true', '2016-12-30 08:48:06', '2016-12-30 08:48:06', '2016-12-30 08:48:06', '9b07628a-fa69-4a2b-bab5-4a995b826769'),
 ('28', NULL, 'm160223_000000_sortorder_to_smallint', '2016-12-30 08:48:06', '2016-12-30 08:48:06', '2016-12-30 08:48:06', '0c49398c-e723-4ad5-ae95-7d7dddef128c'),
 ('29', NULL, 'm160229_000000_set_default_entry_statuses', '2016-12-30 08:48:06', '2016-12-30 08:48:06', '2016-12-30 08:48:06', '7a5cf963-aef9-457d-a1ea-f315a3a9c1a6'),
 ('30', NULL, 'm160304_000000_client_permissions', '2016-12-30 08:48:06', '2016-12-30 08:48:06', '2016-12-30 08:48:06', 'efe0874a-95c4-448e-9a68-dd7c26e2c51d'),
 ('31', NULL, 'm160322_000000_asset_filesize', '2016-12-30 08:48:06', '2016-12-30 08:48:06', '2016-12-30 08:48:06', '024b9a91-b50a-418e-9064-09df862ff53d'),
 ('32', NULL, 'm160503_000000_orphaned_fieldlayouts', '2016-12-30 08:48:06', '2016-12-30 08:48:06', '2016-12-30 08:48:06', '795ffce4-b973-4fb4-b9b8-87a47449478b'),
 ('33', NULL, 'm160510_000000_tasksettings', '2016-12-30 08:48:06', '2016-12-30 08:48:06', '2016-12-30 08:48:06', '7c616b63-8f27-4c23-84fa-3144147db390'),
 ('34', NULL, 'm160829_000000_pending_user_content_cleanup', '2016-12-30 08:48:06', '2016-12-30 08:48:06', '2016-12-30 08:48:06', '6f70f34b-dce4-490a-a0cf-d3dd980bca3f'),
 ('35', NULL, 'm160830_000000_asset_index_uri_increase', '2016-12-30 08:48:06', '2016-12-30 08:48:06', '2016-12-30 08:48:06', '19e31498-fe74-45f0-b43c-f815d9ab0bef'),
 ('36', NULL, 'm160919_000000_usergroup_handle_title_unique', '2016-12-30 08:48:06', '2016-12-30 08:48:06', '2016-12-30 08:48:06', 'f1f32dc6-77c1-4dd3-a1c9-329cbd54c446'),
 ('37', NULL, 'm161108_000000_new_version_format', '2016-12-30 08:48:06', '2016-12-30 08:48:06', '2016-12-30 08:48:06', '7cc35c97-8531-4b6a-9556-f351a540bd34'),
 ('38', NULL, 'm161109_000000_index_shuffle', '2016-12-30 08:48:06', '2016-12-30 08:48:06', '2016-12-30 08:48:06', '152b1ace-37f2-4d49-a374-bb0aac41338b'),
 ('39', '2', 'm130715_191457_oauth_addUserMappingField', '2017-01-23 12:00:45', '2017-01-23 12:00:45', '2017-01-23 12:00:45', 'bc425a6c-87c0-4437-af3d-5898b467fbce'),
 ('40', '2', 'm130907_140340_oauth_renameOauth_providersProviderClassToClass', '2017-01-23 12:00:45', '2017-01-23 12:00:45', '2017-01-23 12:00:45', '0140d818-0706-4071-9f29-b0680d6f2c18'),
 ('41', '2', 'm130912_153247_oauth_createTokenIndexes', '2017-01-23 12:00:45', '2017-01-23 12:00:45', '2017-01-23 12:00:45', '449e2ad8-dd93-444f-9ea8-38a2eb59162f'),
 ('42', '2', 'm140417_000003_changeTokenUniqueIndexes', '2017-01-23 12:00:45', '2017-01-23 12:00:45', '2017-01-23 12:00:45', '9994526b-691a-4cb6-9644-51914e9f6c22'),
 ('43', '2', 'm140623_130304_oauth_new_tokens_table', '2017-01-23 12:00:45', '2017-01-23 12:00:45', '2017-01-23 12:00:45', '3a80d7ba-b47f-4e83-b2c1-383f199ab494'),
 ('44', '2', 'm150112_220705_oauth_add_token_columns', '2017-01-23 12:00:45', '2017-01-23 12:00:45', '2017-01-23 12:00:45', 'aa3b04f7-6385-43eb-8876-8f836ef72320'),
 ('45', '2', 'm150311_000001_oauth_remove_old_tokens', '2017-01-23 12:00:45', '2017-01-23 12:00:45', '2017-01-23 12:00:45', '1eff74dc-371c-4842-aba2-6876f82736be'),
 ('46', '2', 'm161025_000001_oauth_change_tokens_column_types', '2017-01-23 12:00:45', '2017-01-23 12:00:45', '2017-01-23 12:00:45', 'c59eb462-eed5-4be9-b6eb-6fdd589f1c66');



DROP TABLE IF EXISTS `craft_oauth_providers`;


--
-- Schema for table `craft_oauth_providers`
--
CREATE TABLE `craft_oauth_providers` (
  `id` int(11) NOT NULL AUTO_INCREMENT,
  `class` varchar(255) COLLATE utf8_unicode_ci NOT NULL,
  `clientId` varchar(255) COLLATE utf8_unicode_ci DEFAULT NULL,
  `clientSecret` varchar(255) COLLATE utf8_unicode_ci DEFAULT NULL,
  `dateCreated` datetime NOT NULL,
  `dateUpdated` datetime NOT NULL,
  `uid` char(36) COLLATE utf8_unicode_ci NOT NULL DEFAULT '0',
  PRIMARY KEY (`id`),
  UNIQUE KEY `craft_oauth_providers_class_unq_idx` (`class`)
) ENGINE=InnoDB AUTO_INCREMENT=2 DEFAULT CHARSET=utf8 COLLATE=utf8_unicode_ci;

--
-- Data for table `craft_oauth_providers`
--

INSERT INTO `craft_oauth_providers` (`id`, `class`, `clientId`, `clientSecret`, `dateCreated`, `dateUpdated`, `uid`) VALUES
 ('1', 'twitter', '', '', '2017-01-23 12:01:40', '2017-01-23 12:46:17', 'bad27853-13ec-4726-be08-9fa1e528de6d');



DROP TABLE IF EXISTS `craft_oauth_tokens`;


--
-- Schema for table `craft_oauth_tokens`
--
CREATE TABLE `craft_oauth_tokens` (
  `id` int(11) NOT NULL AUTO_INCREMENT,
  `providerHandle` varchar(255) COLLATE utf8_unicode_ci NOT NULL,
  `pluginHandle` varchar(255) COLLATE utf8_unicode_ci NOT NULL,
  `accessToken` text COLLATE utf8_unicode_ci,
  `secret` text COLLATE utf8_unicode_ci,
  `endOfLife` varchar(255) COLLATE utf8_unicode_ci DEFAULT NULL,
  `refreshToken` text COLLATE utf8_unicode_ci,
  `dateCreated` datetime NOT NULL,
  `dateUpdated` datetime NOT NULL,
  `uid` char(36) COLLATE utf8_unicode_ci NOT NULL DEFAULT '0',
  PRIMARY KEY (`id`)
) ENGINE=InnoDB DEFAULT CHARSET=utf8 COLLATE=utf8_unicode_ci;

DROP TABLE IF EXISTS `craft_plugins`;


--
-- Schema for table `craft_plugins`
--
CREATE TABLE `craft_plugins` (
  `id` int(11) NOT NULL AUTO_INCREMENT,
  `class` varchar(150) COLLATE utf8_unicode_ci NOT NULL,
  `version` varchar(15) COLLATE utf8_unicode_ci NOT NULL,
  `schemaVersion` varchar(15) COLLATE utf8_unicode_ci DEFAULT NULL,
  `licenseKey` char(24) COLLATE utf8_unicode_ci DEFAULT NULL,
  `licenseKeyStatus` enum('valid','invalid','mismatched','unknown') COLLATE utf8_unicode_ci NOT NULL DEFAULT 'unknown',
  `enabled` tinyint(1) unsigned NOT NULL DEFAULT '0',
  `settings` text COLLATE utf8_unicode_ci,
  `installDate` datetime NOT NULL,
  `dateCreated` datetime NOT NULL,
  `dateUpdated` datetime NOT NULL,
  `uid` char(36) COLLATE utf8_unicode_ci NOT NULL DEFAULT '0',
  PRIMARY KEY (`id`)
) ENGINE=InnoDB AUTO_INCREMENT=3 DEFAULT CHARSET=utf8 COLLATE=utf8_unicode_ci;

--
-- Data for table `craft_plugins`
--

INSERT INTO `craft_plugins` (`id`, `class`, `version`, `schemaVersion`, `licenseKey`, `licenseKeyStatus`, `enabled`, `settings`, `installDate`, `dateCreated`, `dateUpdated`, `uid`) VALUES
 ('1', 'Twitter', '1.1.2', '1.0.0', NULL, 'unknown', '1', NULL, '2017-01-23 11:59:58', '2017-01-23 11:59:58', '2017-06-10 14:43:20', '46a98702-7da3-4791-b4f3-843ac7dcfc08'),
 ('2', 'Oauth', '2.0.3', '1.0.1', NULL, 'unknown', '1', NULL, '2017-01-23 12:00:45', '2017-01-23 12:00:45', '2017-06-10 14:43:20', 'a98c8208-5dbc-4a41-a19d-bbeabe8c0599');



DROP TABLE IF EXISTS `craft_rackspaceaccess`;


--
-- Schema for table `craft_rackspaceaccess`
--
CREATE TABLE `craft_rackspaceaccess` (
  `id` int(11) NOT NULL AUTO_INCREMENT,
  `connectionKey` varchar(255) COLLATE utf8_unicode_ci NOT NULL,
  `token` varchar(255) COLLATE utf8_unicode_ci NOT NULL,
  `storageUrl` varchar(255) COLLATE utf8_unicode_ci NOT NULL,
  `cdnUrl` varchar(255) COLLATE utf8_unicode_ci NOT NULL,
  `dateCreated` datetime NOT NULL,
  `dateUpdated` datetime NOT NULL,
  `uid` char(36) COLLATE utf8_unicode_ci NOT NULL DEFAULT '0',
  PRIMARY KEY (`id`),
  UNIQUE KEY `craft_rackspaceaccess_connectionKey_unq_idx` (`connectionKey`)
) ENGINE=InnoDB DEFAULT CHARSET=utf8 COLLATE=utf8_unicode_ci;

DROP TABLE IF EXISTS `craft_relations`;


--
-- Schema for table `craft_relations`
--
CREATE TABLE `craft_relations` (
  `id` int(11) NOT NULL AUTO_INCREMENT,
  `fieldId` int(11) NOT NULL,
  `sourceId` int(11) NOT NULL,
  `sourceLocale` char(12) COLLATE utf8_unicode_ci DEFAULT NULL,
  `targetId` int(11) NOT NULL,
  `sortOrder` smallint(6) DEFAULT NULL,
  `dateCreated` datetime NOT NULL,
  `dateUpdated` datetime NOT NULL,
  `uid` char(36) COLLATE utf8_unicode_ci NOT NULL DEFAULT '0',
  PRIMARY KEY (`id`),
  UNIQUE KEY `craft_relations_fieldId_sourceId_sourceLocale_targetId_unq_idx` (`fieldId`,`sourceId`,`sourceLocale`,`targetId`),
  KEY `craft_relations_sourceId_fk` (`sourceId`),
  KEY `craft_relations_sourceLocale_fk` (`sourceLocale`),
  KEY `craft_relations_targetId_fk` (`targetId`)
) ENGINE=InnoDB AUTO_INCREMENT=49 DEFAULT CHARSET=utf8 COLLATE=utf8_unicode_ci;

--
-- Data for table `craft_relations`
--

INSERT INTO `craft_relations` (`id`, `fieldId`, `sourceId`, `sourceLocale`, `targetId`, `sortOrder`, `dateCreated`, `dateUpdated`, `uid`) VALUES
 ('36', '4', '26', NULL, '6', '1', '2017-03-05 17:44:20', '2017-03-05 17:44:20', '234e97df-59ca-4664-9f0c-99bd48801c20'),
 ('37', '7', '26', NULL, '14', '1', '2017-03-05 17:44:20', '2017-03-05 17:44:20', 'a8800998-efc1-4643-8bdd-d5179428873e'),
 ('38', '3', '26', NULL, '8', '1', '2017-03-05 17:44:20', '2017-03-05 17:44:20', 'c54c8e2a-1f30-4407-8302-e723053cde27'),
 ('47', '4', '25', NULL, '27', '1', '2017-03-05 17:58:48', '2017-03-05 17:58:48', 'e90f9cd7-9d15-4d5b-b7c7-26c7b4758820'),
 ('48', '7', '25', NULL, '14', '1', '2017-03-05 17:58:48', '2017-03-05 17:58:48', '031ed18a-0886-419f-8183-557f86e7a202');



DROP TABLE IF EXISTS `craft_routes`;


--
-- Schema for table `craft_routes`
--
CREATE TABLE `craft_routes` (
  `id` int(11) NOT NULL AUTO_INCREMENT,
  `locale` char(12) COLLATE utf8_unicode_ci DEFAULT NULL,
  `urlParts` varchar(255) COLLATE utf8_unicode_ci NOT NULL,
  `urlPattern` varchar(255) COLLATE utf8_unicode_ci NOT NULL,
  `template` varchar(255) COLLATE utf8_unicode_ci NOT NULL,
  `sortOrder` smallint(6) unsigned DEFAULT NULL,
  `dateCreated` datetime NOT NULL,
  `dateUpdated` datetime NOT NULL,
  `uid` char(36) COLLATE utf8_unicode_ci NOT NULL DEFAULT '0',
  PRIMARY KEY (`id`),
  UNIQUE KEY `craft_routes_urlPattern_unq_idx` (`urlPattern`),
  KEY `craft_routes_locale_idx` (`locale`)
) ENGINE=InnoDB DEFAULT CHARSET=utf8 COLLATE=utf8_unicode_ci;

DROP TABLE IF EXISTS `craft_searchindex`;


--
-- Schema for table `craft_searchindex`
--
CREATE TABLE `craft_searchindex` (
  `elementId` int(11) NOT NULL,
  `attribute` varchar(25) COLLATE utf8_unicode_ci NOT NULL,
  `fieldId` int(11) NOT NULL,
  `locale` char(12) COLLATE utf8_unicode_ci NOT NULL,
  `keywords` text COLLATE utf8_unicode_ci NOT NULL,
  PRIMARY KEY (`elementId`,`attribute`,`fieldId`,`locale`),
  FULLTEXT KEY `craft_searchindex_keywords_idx` (`keywords`)
) ENGINE=MyISAM DEFAULT CHARSET=utf8 COLLATE=utf8_unicode_ci;

--
-- Data for table `craft_searchindex`
--

INSERT INTO `craft_searchindex` (`elementId`, `attribute`, `fieldId`, `locale`, `keywords`) VALUES
 ('1', 'username', '0', 'fi_fi', ' admin '),
 ('1', 'firstname', '0', 'fi_fi', ' andreas '),
 ('1', 'lastname', '0', 'fi_fi', ' koutsoukos '),
 ('1', 'fullname', '0', 'fi_fi', ' andreas koutsoukos '),
 ('1', 'email', '0', 'fi_fi', ' andreas koutsoukos gmail com '),
 ('1', 'slug', '0', 'fi_fi', ''),
 ('2', 'slug', '0', 'fi_fi', ' homepage '),
 ('2', 'title', '0', 'fi_fi', ' moi olen andreas ja taemae taessae on digikokki sivustoni '),
 ('2', 'field', '1', 'fi_fi', ' sain 2016 ajatuksen perustaa youtubeen kanavan jossa opastan koodauksen saloihin samalla naeyttaeisin paeivittaeistae arkeani ja kiinnostustani it alasta sivulla aihealueet vaihtelevat teknisistae vapaamuotoisiin lifestyle aiheisiin pyrin pitaemaeaen asiat simppeleinae jotta sinae lukija katsoja voit oppia esim koodaamaan html sivuja en varsinaisesti opasta ohjelmointia mutta naeytaen hieman javascript ohjelmointia '),
 ('16', 'field', '4', 'fi_fi', ' html '),
 ('16', 'field', '7', 'fi_fi', ' kuvan title '),
 ('16', 'field', '1', 'fi_fi', ' craft is the cms that s powering digikokki craft it s beautiful powerful flexible and easy to use and it s made by pixel tonic we can t wait to dive in and see what it s capable of this is even more captivating content which you couldn t see on the news index page because it was entered after a page break and the news index template only likes to show the content on the first page craft a nice alternative to word if you re making a website '),
 ('4', 'slug', '0', 'fi_fi', ''),
 ('4', 'field', '1', 'fi_fi', ' olen andreas koutsoukos ja pidaen digikokki nimistae blogia jossa opetan ja kirjoitan it alasta html css ja javascript ohjelmointia luvassa joten tervetuloa mukaan jos sinulla on kysymyksiae ota rohkeasti yhteyttae andreas koutsoukos gmail com '),
 ('5', 'slug', '0', 'fi_fi', ' internet '),
 ('5', 'title', '0', 'fi_fi', ' internet '),
 ('6', 'slug', '0', 'fi_fi', ' html '),
 ('6', 'title', '0', 'fi_fi', ' html '),
 ('7', 'slug', '0', 'fi_fi', ' css '),
 ('7', 'title', '0', 'fi_fi', ' css '),
 ('8', 'slug', '0', 'fi_fi', ' javascript '),
 ('8', 'title', '0', 'fi_fi', ' javascript '),
 ('9', 'slug', '0', 'fi_fi', ' koodarin tyokalut '),
 ('9', 'title', '0', 'fi_fi', ' koodarin tyoekalut '),
 ('16', 'slug', '0', 'fi_fi', ' testi entry '),
 ('10', 'slug', '0', 'fi_fi', ' sass '),
 ('10', 'title', '0', 'fi_fi', ' sass '),
 ('11', 'slug', '0', 'fi_fi', ' animation '),
 ('11', 'title', '0', 'fi_fi', ' animation '),
 ('16', 'field', '3', 'fi_fi', ''),
 ('5', 'field', '5', 'fi_fi', ' globe '),
 ('6', 'field', '5', 'fi_fi', ' html5 '),
 ('7', 'field', '5', 'fi_fi', ' css3 '),
 ('8', 'field', '5', 'fi_fi', ' code '),
 ('9', 'field', '5', 'fi_fi', ' cogs '),
 ('17', 'field', '7', 'fi_fi', ' kuvan title '),
 ('17', 'field', '1', 'fi_fi', ' craft is the cms that s powering digikokki craft it s beautiful powerful flexible and easy to use and it s made by pixel tonic we can t wait to dive in and see what it s capable of this is even more captivating content which you couldn t see on the news index page because it was entered after a page break and the news index template only likes to show the content on the first page craft a nice alternative to word if you re making a website '),
 ('13', 'slug', '0', 'fi_fi', ''),
 ('13', 'field', '6', 'fi_fi', ' 10 '),
 ('14', 'filename', '0', 'fi_fi', ' 7jur9kmmsuuwej7cexpk_getting started with css counters 420x210 png '),
 ('14', 'extension', '0', 'fi_fi', ' png '),
 ('14', 'kind', '0', 'fi_fi', ' image '),
 ('14', 'slug', '0', 'fi_fi', ' 7 jur9k mmsuuw ej7 cexpk getting started with css counters 420x210 '),
 ('14', 'title', '0', 'fi_fi', ' kuvan title '),
 ('16', 'title', '0', 'fi_fi', ' testi entry '),
 ('17', 'field', '4', 'fi_fi', ' internet '),
 ('17', 'field', '3', 'fi_fi', ''),
 ('17', 'slug', '0', 'fi_fi', ' demo post '),
 ('17', 'title', '0', 'fi_fi', ' demo post '),
 ('18', 'field', '4', 'fi_fi', ' internet '),
 ('18', 'field', '7', 'fi_fi', ' kuvan title '),
 ('18', 'field', '1', 'fi_fi', ' craft is the cms that s powering digikokki craft it s beautiful powerful flexible and easy to use and it s made by pixel tonic we can t wait to dive in and see what it s capable of this is even more captivating content which you couldn t see on the news index page because it was entered after a page break and the news index template only likes to show the content on the first page craft a nice alternative to word if you re making a website '),
 ('18', 'field', '3', 'fi_fi', ''),
 ('18', 'slug', '0', 'fi_fi', ' demo post '),
 ('18', 'title', '0', 'fi_fi', ' demo post '),
 ('19', 'field', '4', 'fi_fi', ' html '),
 ('19', 'field', '7', 'fi_fi', ' kuvan title '),
 ('19', 'field', '1', 'fi_fi', ' blogcategoriesblogcategoriesblogcategories '),
 ('19', 'field', '3', 'fi_fi', ''),
 ('19', 'slug', '0', 'fi_fi', ' demo '),
 ('19', 'title', '0', 'fi_fi', ' demo '),
 ('20', 'field', '4', 'fi_fi', ' internet '),
 ('20', 'field', '7', 'fi_fi', ' kuvan title '),
 ('20', 'field', '1', 'fi_fi', ' blogcategoriesblogcategoriesblogcategories '),
 ('20', 'field', '3', 'fi_fi', ''),
 ('20', 'slug', '0', 'fi_fi', ' post '),
 ('20', 'title', '0', 'fi_fi', ' post '),
 ('21', 'field', '4', 'fi_fi', ' internet '),
 ('21', 'field', '7', 'fi_fi', ' kuvan title '),
 ('21', 'field', '1', 'fi_fi', ' blogcategoriesblogcategoriesblogcategories '),
 ('21', 'field', '3', 'fi_fi', ''),
 ('21', 'slug', '0', 'fi_fi', ' post '),
 ('21', 'title', '0', 'fi_fi', ' post '),
 ('22', 'field', '4', 'fi_fi', ' internet '),
 ('22', 'field', '7', 'fi_fi', ' kuvan title '),
 ('22', 'field', '1', 'fi_fi', ' craft is the cms that s powering digikokki craft it s beautiful powerful flexible and easy to use and it s made by pixel tonic we can t wait to dive in and see what it s capable of this is even more captivating content which you couldn t see on the news index page because it was entered after a page break and the news index template only likes to show the content on the first page craft a nice alternative to word if you re making a website '),
 ('22', 'field', '3', 'fi_fi', ''),
 ('22', 'slug', '0', 'fi_fi', ' hello world '),
 ('22', 'title', '0', 'fi_fi', ' hello world '),
 ('23', 'field', '4', 'fi_fi', ' internet '),
 ('23', 'field', '7', 'fi_fi', ' kuvan title '),
 ('23', 'field', '1', 'fi_fi', ' craft is the cms that s powering digikokki craft it s beautiful powerful flexible and easy to use and it s made by pixel tonic we can t wait to dive in and see what it s capable of this is even more captivating content which you couldn t see on the news index page because it was entered after a page break and the news index template only likes to show the content on the first page craft a nice alternative to word if you re making a website '),
 ('23', 'field', '3', 'fi_fi', ''),
 ('23', 'slug', '0', 'fi_fi', ' hello world '),
 ('23', 'title', '0', 'fi_fi', ' hello world '),
 ('24', 'field', '4', 'fi_fi', ' internet '),
 ('24', 'field', '7', 'fi_fi', ' kuvan title '),
 ('24', 'field', '1', 'fi_fi', ' craft is the cms that s powering digikokki craft it s beautiful powerful flexible and easy to use and it s made by pixel tonic we can t wait to dive in and see what it s capable of this is even more captivating content which you couldn t see on the news index page because it was entered after a page break and the news index template only likes to show the content on the first page craft a nice alternative to word if you re making a website '),
 ('24', 'field', '3', 'fi_fi', ''),
 ('24', 'slug', '0', 'fi_fi', ' hello world '),
 ('24', 'title', '0', 'fi_fi', ' hello world '),
 ('25', 'field', '4', 'fi_fi', ' yleinen '),
 ('25', 'field', '7', 'fi_fi', ' kuvan title '),
 ('25', 'field', '1', 'fi_fi', ' nyt se on vihdoin julkista nimittaein naemae sivut joita on tehty uudelleen ja uudelleen kerran toisen jaelkeen nyt olen taehaen versioon tyytyvaeinen aina kun itselleen tekee jotain suhtautuu siihen todella kriittisesti ja tekemisestae ei meinaa tulla oikein mitaeaen naemae sivut tulevat sisaeltaemaeaen videota podcasteja ja perinteisiae blogi artikkeleita back in july i had a racist encounter i say encounter because when you have skin as light as mine experiences with racism can feel pretty alien i don t think about the incident often but certain things like aged subway stations or eggs benedict on waffles conjure up the memory lately i ve found myself eating a lot of eggs and doing a lot of thinking mitaes taessae taemae aloitetaan katsomaan hieman koodia doctype html '),
 ('25', 'field', '3', 'fi_fi', ''),
 ('25', 'slug', '0', 'fi_fi', ' hello world '),
 ('25', 'title', '0', 'fi_fi', ' tervetuloa '),
 ('26', 'field', '4', 'fi_fi', ' html '),
 ('26', 'field', '7', 'fi_fi', ' kuvan title '),
 ('26', 'field', '1', 'fi_fi', ' back in july i had a racist encounter i say encounter because when you have skin as light as mine experiences with racism can feel pretty alien i don t think about the incident often but certain things like aged subway stations or eggs benedict on waffles conjure up the memory lately i ve found myself eating a lot of eggs and doing a lot of thinking my boyfriend and i hop on the subway the man standing next to us strikes up a conversation we laugh and chat enjoying the company of a stranger then the man begins to speculate about my white boyfriend s background to which he responds that he s british then it s my turn and you you must be portuguese or italian the man says i m actually persian iranian the man turns to my boyfriend be careful she s going to blow up ');
INSERT INTO `craft_searchindex` (`elementId`, `attribute`, `fieldId`, `locale`, `keywords`) VALUES
 ('26', 'field', '3', 'fi_fi', ' javascript '),
 ('26', 'slug', '0', 'fi_fi', ' what i learned from my racist run in illustrated '),
 ('26', 'title', '0', 'fi_fi', ' what i learned from my racist run in illustrated '),
 ('26', 'field', '8', 'fi_fi', ' buttons like you ve never seen them before probably '),
 ('27', 'field', '5', 'fi_fi', ' general '),
 ('27', 'slug', '0', 'fi_fi', ' general '),
 ('27', 'title', '0', 'fi_fi', ' yleinen '),
 ('25', 'field', '8', 'fi_fi', ' vihdoinkin olen saanut tehtyae sivut josta loeytaeae kattavasti tietoa koodaukseen ');



DROP TABLE IF EXISTS `craft_sections`;


--
-- Schema for table `craft_sections`
--
CREATE TABLE `craft_sections` (
  `id` int(11) NOT NULL AUTO_INCREMENT,
  `structureId` int(11) DEFAULT NULL,
  `name` varchar(255) COLLATE utf8_unicode_ci NOT NULL,
  `handle` varchar(255) COLLATE utf8_unicode_ci NOT NULL,
  `type` enum('single','channel','structure') COLLATE utf8_unicode_ci NOT NULL DEFAULT 'channel',
  `hasUrls` tinyint(1) unsigned NOT NULL DEFAULT '1',
  `template` varchar(500) COLLATE utf8_unicode_ci DEFAULT NULL,
  `enableVersioning` tinyint(1) unsigned NOT NULL DEFAULT '0',
  `dateCreated` datetime NOT NULL,
  `dateUpdated` datetime NOT NULL,
  `uid` char(36) COLLATE utf8_unicode_ci NOT NULL DEFAULT '0',
  PRIMARY KEY (`id`),
  UNIQUE KEY `craft_sections_name_unq_idx` (`name`),
  UNIQUE KEY `craft_sections_handle_unq_idx` (`handle`),
  KEY `craft_sections_structureId_fk` (`structureId`)
) ENGINE=InnoDB AUTO_INCREMENT=3 DEFAULT CHARSET=utf8 COLLATE=utf8_unicode_ci;

--
-- Data for table `craft_sections`
--

INSERT INTO `craft_sections` (`id`, `structureId`, `name`, `handle`, `type`, `hasUrls`, `template`, `enableVersioning`, `dateCreated`, `dateUpdated`, `uid`) VALUES
 ('1', NULL, 'Homepage', 'homepage', 'single', '1', 'index', '1', '2016-12-30 08:48:10', '2016-12-30 08:48:10', '23cb8598-024d-49bb-b0d8-f286d4043e45'),
 ('2', NULL, 'Blogit', 'blog', 'channel', '1', 'blog/_entry', '1', '2016-12-30 08:48:11', '2017-01-01 20:05:26', '3a0ae808-8e91-4cd4-a53b-4f7261483bb6');



DROP TABLE IF EXISTS `craft_sections_i18n`;


--
-- Schema for table `craft_sections_i18n`
--
CREATE TABLE `craft_sections_i18n` (
  `id` int(11) NOT NULL AUTO_INCREMENT,
  `sectionId` int(11) NOT NULL,
  `locale` char(12) COLLATE utf8_unicode_ci NOT NULL,
  `enabledByDefault` tinyint(1) unsigned NOT NULL DEFAULT '1',
  `urlFormat` text COLLATE utf8_unicode_ci,
  `nestedUrlFormat` text COLLATE utf8_unicode_ci,
  `dateCreated` datetime NOT NULL,
  `dateUpdated` datetime NOT NULL,
  `uid` char(36) COLLATE utf8_unicode_ci NOT NULL DEFAULT '0',
  PRIMARY KEY (`id`),
  UNIQUE KEY `craft_sections_i18n_sectionId_locale_unq_idx` (`sectionId`,`locale`),
  KEY `craft_sections_i18n_locale_fk` (`locale`)
) ENGINE=InnoDB AUTO_INCREMENT=3 DEFAULT CHARSET=utf8 COLLATE=utf8_unicode_ci;

--
-- Data for table `craft_sections_i18n`
--

INSERT INTO `craft_sections_i18n` (`id`, `sectionId`, `locale`, `enabledByDefault`, `urlFormat`, `nestedUrlFormat`, `dateCreated`, `dateUpdated`, `uid`) VALUES
 ('1', '1', 'fi_fi', '1', '__home__', NULL, '2016-12-30 08:48:10', '2016-12-30 08:48:10', '957cbaf2-f0e7-4c6c-802a-cd7a62a4c81a'),
 ('2', '2', 'fi_fi', '1', '{blogMainCategories.first.slug}/{slug}', NULL, '2016-12-30 08:48:11', '2017-01-01 20:05:26', '1acdf605-665b-4e81-9df8-ac8ab2a41080');



DROP TABLE IF EXISTS `craft_sessions`;


--
-- Schema for table `craft_sessions`
--
CREATE TABLE `craft_sessions` (
  `id` int(11) NOT NULL AUTO_INCREMENT,
  `userId` int(11) NOT NULL,
  `token` char(100) COLLATE utf8_unicode_ci NOT NULL,
  `dateCreated` datetime NOT NULL,
  `dateUpdated` datetime NOT NULL,
  `uid` char(36) COLLATE utf8_unicode_ci NOT NULL DEFAULT '0',
  PRIMARY KEY (`id`),
  KEY `craft_sessions_uid_idx` (`uid`),
  KEY `craft_sessions_token_idx` (`token`),
  KEY `craft_sessions_dateUpdated_idx` (`dateUpdated`),
  KEY `craft_sessions_userId_fk` (`userId`)
) ENGINE=InnoDB AUTO_INCREMENT=16 DEFAULT CHARSET=utf8 COLLATE=utf8_unicode_ci;

DROP TABLE IF EXISTS `craft_shunnedmessages`;


--
-- Schema for table `craft_shunnedmessages`
--
CREATE TABLE `craft_shunnedmessages` (
  `id` int(11) NOT NULL AUTO_INCREMENT,
  `userId` int(11) NOT NULL,
  `message` varchar(255) COLLATE utf8_unicode_ci NOT NULL,
  `expiryDate` datetime DEFAULT NULL,
  `dateCreated` datetime NOT NULL,
  `dateUpdated` datetime NOT NULL,
  `uid` char(36) COLLATE utf8_unicode_ci NOT NULL DEFAULT '0',
  PRIMARY KEY (`id`),
  UNIQUE KEY `craft_shunnedmessages_userId_message_unq_idx` (`userId`,`message`)
) ENGINE=InnoDB DEFAULT CHARSET=utf8 COLLATE=utf8_unicode_ci;

DROP TABLE IF EXISTS `craft_structureelements`;


--
-- Schema for table `craft_structureelements`
--
CREATE TABLE `craft_structureelements` (
  `id` int(11) NOT NULL AUTO_INCREMENT,
  `structureId` int(11) NOT NULL,
  `elementId` int(11) DEFAULT NULL,
  `root` int(11) unsigned DEFAULT NULL,
  `lft` int(11) unsigned NOT NULL,
  `rgt` int(11) unsigned NOT NULL,
  `level` smallint(6) unsigned NOT NULL,
  `dateCreated` datetime NOT NULL,
  `dateUpdated` datetime NOT NULL,
  `uid` char(36) COLLATE utf8_unicode_ci NOT NULL DEFAULT '0',
  PRIMARY KEY (`id`),
  UNIQUE KEY `craft_structureelements_structureId_elementId_unq_idx` (`structureId`,`elementId`),
  KEY `craft_structureelements_root_idx` (`root`),
  KEY `craft_structureelements_lft_idx` (`lft`),
  KEY `craft_structureelements_rgt_idx` (`rgt`),
  KEY `craft_structureelements_level_idx` (`level`),
  KEY `craft_structureelements_elementId_fk` (`elementId`)
) ENGINE=InnoDB AUTO_INCREMENT=10 DEFAULT CHARSET=utf8 COLLATE=utf8_unicode_ci;

--
-- Data for table `craft_structureelements`
--

INSERT INTO `craft_structureelements` (`id`, `structureId`, `elementId`, `root`, `lft`, `rgt`, `level`, `dateCreated`, `dateUpdated`, `uid`) VALUES
 ('1', '6', NULL, '1', '1', '18', '0', '2016-12-30 18:15:47', '2016-12-30 18:15:47', '930213c1-0a5e-4591-8f18-1a849672e0fa'),
 ('2', '6', '5', '1', '2', '3', '1', '2016-12-30 18:15:47', '2016-12-30 18:15:47', '46c75e23-bc07-4433-9beb-83810dd293ab'),
 ('3', '6', '6', '1', '4', '5', '1', '2016-12-30 18:15:56', '2016-12-30 18:15:56', 'b561ef82-4bee-43ef-97fb-03e49f7fee81'),
 ('4', '6', '7', '1', '6', '11', '1', '2016-12-30 18:16:01', '2016-12-30 18:16:01', '7c1ce811-6aa8-4e6e-991a-c98e28b10025'),
 ('5', '6', '8', '1', '12', '13', '1', '2016-12-30 18:16:10', '2016-12-30 18:16:10', '1332be98-09e7-4087-9f74-2d5a3e97eef5'),
 ('6', '6', '9', '1', '14', '15', '1', '2016-12-30 18:16:29', '2016-12-30 18:16:29', '75c539f8-d8ba-48a3-9a26-bf55781991a5'),
 ('7', '6', '10', '1', '7', '8', '2', '2016-12-30 18:24:14', '2016-12-30 18:24:14', '7bd7ce53-9048-4929-a338-e2aa381d00a7'),
 ('8', '6', '11', '1', '9', '10', '2', '2016-12-30 18:24:24', '2016-12-30 18:24:24', '270c6321-7579-4800-8715-f3b8df1d2a51'),
 ('9', '6', '27', '1', '16', '17', '1', '2017-03-05 17:49:52', '2017-03-05 17:49:52', 'd0c2584d-0097-4a42-9d82-a9d4984bf927');



DROP TABLE IF EXISTS `craft_structures`;


--
-- Schema for table `craft_structures`
--
CREATE TABLE `craft_structures` (
  `id` int(11) NOT NULL AUTO_INCREMENT,
  `maxLevels` smallint(6) unsigned DEFAULT NULL,
  `dateCreated` datetime NOT NULL,
  `dateUpdated` datetime NOT NULL,
  `uid` char(36) COLLATE utf8_unicode_ci NOT NULL DEFAULT '0',
  PRIMARY KEY (`id`)
) ENGINE=InnoDB AUTO_INCREMENT=7 DEFAULT CHARSET=utf8 COLLATE=utf8_unicode_ci;

--
-- Data for table `craft_structures`
--

INSERT INTO `craft_structures` (`id`, `maxLevels`, `dateCreated`, `dateUpdated`, `uid`) VALUES
 ('1', NULL, '2016-12-30 08:51:45', '2016-12-30 08:51:45', '7d83e5f1-1b7f-495e-bb2d-af874848531f'),
 ('2', NULL, '2016-12-30 08:51:56', '2016-12-30 08:51:56', '1716fb17-0de8-4d30-8780-1d243b5093d3'),
 ('3', NULL, '2016-12-30 08:52:02', '2016-12-30 08:52:02', '7f673df6-1be0-49c3-be97-ac8126a587c6'),
 ('4', NULL, '2016-12-30 08:52:13', '2016-12-30 08:52:13', 'da7d9416-5ecf-476d-b545-3e00a7434425'),
 ('5', NULL, '2016-12-30 08:52:43', '2016-12-30 08:52:43', '9cf61267-8da8-4e4d-b000-2ec796e0f64e'),
 ('6', NULL, '2016-12-30 18:15:28', '2017-01-01 08:56:54', '919f4b21-e41f-4a5f-bfb8-aa8c627345fb');



DROP TABLE IF EXISTS `craft_systemsettings`;


--
-- Schema for table `craft_systemsettings`
--
CREATE TABLE `craft_systemsettings` (
  `id` int(11) NOT NULL AUTO_INCREMENT,
  `category` varchar(15) COLLATE utf8_unicode_ci NOT NULL,
  `settings` text COLLATE utf8_unicode_ci,
  `dateCreated` datetime NOT NULL,
  `dateUpdated` datetime NOT NULL,
  `uid` char(36) COLLATE utf8_unicode_ci NOT NULL DEFAULT '0',
  PRIMARY KEY (`id`),
  UNIQUE KEY `craft_systemsettings_category_unq_idx` (`category`)
) ENGINE=InnoDB AUTO_INCREMENT=2 DEFAULT CHARSET=utf8 COLLATE=utf8_unicode_ci;

--
-- Data for table `craft_systemsettings`
--

INSERT INTO `craft_systemsettings` (`id`, `category`, `settings`, `dateCreated`, `dateUpdated`, `uid`) VALUES
 ('1', 'email', '{\"protocol\":\"php\",\"emailAddress\":\"andreas.koutsoukos@gmail.com\",\"senderName\":\"Digikokki\"}', '2016-12-30 08:48:10', '2016-12-30 08:48:10', '50646658-4467-4efd-9683-7d71943f1622');



DROP TABLE IF EXISTS `craft_taggroups`;


--
-- Schema for table `craft_taggroups`
--
CREATE TABLE `craft_taggroups` (
  `id` int(11) NOT NULL AUTO_INCREMENT,
  `name` varchar(255) COLLATE utf8_unicode_ci NOT NULL,
  `handle` varchar(255) COLLATE utf8_unicode_ci NOT NULL,
  `fieldLayoutId` int(10) DEFAULT NULL,
  `dateCreated` datetime NOT NULL,
  `dateUpdated` datetime NOT NULL,
  `uid` char(36) COLLATE utf8_unicode_ci NOT NULL DEFAULT '0',
  PRIMARY KEY (`id`),
  UNIQUE KEY `craft_taggroups_name_unq_idx` (`name`),
  UNIQUE KEY `craft_taggroups_handle_unq_idx` (`handle`),
  KEY `craft_taggroups_fieldLayoutId_fk` (`fieldLayoutId`)
) ENGINE=InnoDB AUTO_INCREMENT=2 DEFAULT CHARSET=utf8 COLLATE=utf8_unicode_ci;

--
-- Data for table `craft_taggroups`
--

INSERT INTO `craft_taggroups` (`id`, `name`, `handle`, `fieldLayoutId`, `dateCreated`, `dateUpdated`, `uid`) VALUES
 ('1', 'Default', 'default', '1', '2016-12-30 08:48:10', '2016-12-30 08:48:10', '02e0bdd0-2c6d-4c3b-88d4-db8a2cfcffce');



DROP TABLE IF EXISTS `craft_tags`;


--
-- Schema for table `craft_tags`
--
CREATE TABLE `craft_tags` (
  `id` int(11) NOT NULL,
  `groupId` int(11) NOT NULL,
  `dateCreated` datetime NOT NULL,
  `dateUpdated` datetime NOT NULL,
  `uid` char(36) COLLATE utf8_unicode_ci NOT NULL DEFAULT '0',
  PRIMARY KEY (`id`),
  KEY `craft_tags_groupId_fk` (`groupId`)
) ENGINE=InnoDB DEFAULT CHARSET=utf8 COLLATE=utf8_unicode_ci;

DROP TABLE IF EXISTS `craft_tasks`;


--
-- Schema for table `craft_tasks`
--
CREATE TABLE `craft_tasks` (
  `id` int(11) NOT NULL AUTO_INCREMENT,
  `root` int(11) unsigned DEFAULT NULL,
  `lft` int(11) unsigned NOT NULL,
  `rgt` int(11) unsigned NOT NULL,
  `level` smallint(6) unsigned NOT NULL,
  `currentStep` int(11) unsigned DEFAULT NULL,
  `totalSteps` int(11) unsigned DEFAULT NULL,
  `status` enum('pending','error','running') COLLATE utf8_unicode_ci DEFAULT NULL,
  `type` varchar(150) COLLATE utf8_unicode_ci NOT NULL,
  `description` varchar(255) COLLATE utf8_unicode_ci DEFAULT NULL,
  `settings` mediumtext COLLATE utf8_unicode_ci,
  `dateCreated` datetime NOT NULL,
  `dateUpdated` datetime NOT NULL,
  `uid` char(36) COLLATE utf8_unicode_ci NOT NULL DEFAULT '0',
  PRIMARY KEY (`id`),
  KEY `craft_tasks_root_idx` (`root`),
  KEY `craft_tasks_lft_idx` (`lft`),
  KEY `craft_tasks_rgt_idx` (`rgt`),
  KEY `craft_tasks_level_idx` (`level`)
) ENGINE=InnoDB DEFAULT CHARSET=utf8 COLLATE=utf8_unicode_ci;

DROP TABLE IF EXISTS `craft_templatecachecriteria`;


--
-- Schema for table `craft_templatecachecriteria`
--
CREATE TABLE `craft_templatecachecriteria` (
  `id` int(11) NOT NULL AUTO_INCREMENT,
  `cacheId` int(11) NOT NULL,
  `type` varchar(150) COLLATE utf8_unicode_ci NOT NULL,
  `criteria` text COLLATE utf8_unicode_ci NOT NULL,
  PRIMARY KEY (`id`),
  KEY `craft_templatecachecriteria_cacheId_fk` (`cacheId`),
  KEY `craft_templatecachecriteria_type_idx` (`type`)
) ENGINE=InnoDB DEFAULT CHARSET=utf8 COLLATE=utf8_unicode_ci;

DROP TABLE IF EXISTS `craft_templatecacheelements`;


--
-- Schema for table `craft_templatecacheelements`
--
CREATE TABLE `craft_templatecacheelements` (
  `cacheId` int(11) NOT NULL,
  `elementId` int(11) NOT NULL,
  KEY `craft_templatecacheelements_cacheId_fk` (`cacheId`),
  KEY `craft_templatecacheelements_elementId_fk` (`elementId`)
) ENGINE=InnoDB DEFAULT CHARSET=utf8 COLLATE=utf8_unicode_ci;

DROP TABLE IF EXISTS `craft_templatecaches`;


--
-- Schema for table `craft_templatecaches`
--
CREATE TABLE `craft_templatecaches` (
  `id` int(11) NOT NULL AUTO_INCREMENT,
  `cacheKey` varchar(255) COLLATE utf8_unicode_ci NOT NULL,
  `locale` char(12) COLLATE utf8_unicode_ci NOT NULL,
  `path` varchar(255) COLLATE utf8_unicode_ci DEFAULT NULL,
  `expiryDate` datetime NOT NULL,
  `body` mediumtext COLLATE utf8_unicode_ci NOT NULL,
  PRIMARY KEY (`id`),
  KEY `craft_templatecaches_expiryDate_cacheKey_locale_path_idx` (`expiryDate`,`cacheKey`,`locale`,`path`),
  KEY `craft_templatecaches_locale_fk` (`locale`)
) ENGINE=InnoDB DEFAULT CHARSET=utf8 COLLATE=utf8_unicode_ci;

DROP TABLE IF EXISTS `craft_tokens`;


--
-- Schema for table `craft_tokens`
--
CREATE TABLE `craft_tokens` (
  `id` int(11) NOT NULL AUTO_INCREMENT,
  `token` char(32) COLLATE utf8_unicode_ci NOT NULL,
  `route` text COLLATE utf8_unicode_ci,
  `usageLimit` tinyint(3) unsigned DEFAULT NULL,
  `usageCount` tinyint(3) unsigned DEFAULT NULL,
  `expiryDate` datetime NOT NULL,
  `dateCreated` datetime NOT NULL,
  `dateUpdated` datetime NOT NULL,
  `uid` char(36) COLLATE utf8_unicode_ci NOT NULL DEFAULT '0',
  PRIMARY KEY (`id`),
  UNIQUE KEY `craft_tokens_token_unq_idx` (`token`),
  KEY `craft_tokens_expiryDate_idx` (`expiryDate`)
) ENGINE=InnoDB DEFAULT CHARSET=utf8 COLLATE=utf8_unicode_ci;

DROP TABLE IF EXISTS `craft_usergroups`;


--
-- Schema for table `craft_usergroups`
--
CREATE TABLE `craft_usergroups` (
  `id` int(11) NOT NULL AUTO_INCREMENT,
  `name` varchar(255) COLLATE utf8_unicode_ci NOT NULL,
  `handle` varchar(255) COLLATE utf8_unicode_ci NOT NULL,
  `dateCreated` datetime NOT NULL,
  `dateUpdated` datetime NOT NULL,
  `uid` char(36) COLLATE utf8_unicode_ci NOT NULL DEFAULT '0',
  PRIMARY KEY (`id`),
  UNIQUE KEY `craft_usergroups_name_unq_idx` (`name`),
  UNIQUE KEY `craft_usergroups_handle_unq_idx` (`handle`)
) ENGINE=InnoDB DEFAULT CHARSET=utf8 COLLATE=utf8_unicode_ci;

DROP TABLE IF EXISTS `craft_usergroups_users`;


--
-- Schema for table `craft_usergroups_users`
--
CREATE TABLE `craft_usergroups_users` (
  `id` int(11) NOT NULL AUTO_INCREMENT,
  `groupId` int(11) NOT NULL,
  `userId` int(11) NOT NULL,
  `dateCreated` datetime NOT NULL,
  `dateUpdated` datetime NOT NULL,
  `uid` char(36) COLLATE utf8_unicode_ci NOT NULL DEFAULT '0',
  PRIMARY KEY (`id`),
  UNIQUE KEY `craft_usergroups_users_groupId_userId_unq_idx` (`groupId`,`userId`),
  KEY `craft_usergroups_users_userId_fk` (`userId`)
) ENGINE=InnoDB DEFAULT CHARSET=utf8 COLLATE=utf8_unicode_ci;

DROP TABLE IF EXISTS `craft_userpermissions`;


--
-- Schema for table `craft_userpermissions`
--
CREATE TABLE `craft_userpermissions` (
  `id` int(11) NOT NULL AUTO_INCREMENT,
  `name` varchar(255) COLLATE utf8_unicode_ci NOT NULL,
  `dateCreated` datetime NOT NULL,
  `dateUpdated` datetime NOT NULL,
  `uid` char(36) COLLATE utf8_unicode_ci NOT NULL DEFAULT '0',
  PRIMARY KEY (`id`),
  UNIQUE KEY `craft_userpermissions_name_unq_idx` (`name`)
) ENGINE=InnoDB DEFAULT CHARSET=utf8 COLLATE=utf8_unicode_ci;

DROP TABLE IF EXISTS `craft_userpermissions_usergroups`;


--
-- Schema for table `craft_userpermissions_usergroups`
--
CREATE TABLE `craft_userpermissions_usergroups` (
  `id` int(11) NOT NULL AUTO_INCREMENT,
  `permissionId` int(11) NOT NULL,
  `groupId` int(11) NOT NULL,
  `dateCreated` datetime NOT NULL,
  `dateUpdated` datetime NOT NULL,
  `uid` char(36) COLLATE utf8_unicode_ci NOT NULL DEFAULT '0',
  PRIMARY KEY (`id`),
  UNIQUE KEY `craft_userpermissions_usergroups_permissionId_groupId_unq_idx` (`permissionId`,`groupId`),
  KEY `craft_userpermissions_usergroups_groupId_fk` (`groupId`)
) ENGINE=InnoDB DEFAULT CHARSET=utf8 COLLATE=utf8_unicode_ci;

DROP TABLE IF EXISTS `craft_userpermissions_users`;


--
-- Schema for table `craft_userpermissions_users`
--
CREATE TABLE `craft_userpermissions_users` (
  `id` int(11) NOT NULL AUTO_INCREMENT,
  `permissionId` int(11) NOT NULL,
  `userId` int(11) NOT NULL,
  `dateCreated` datetime NOT NULL,
  `dateUpdated` datetime NOT NULL,
  `uid` char(36) COLLATE utf8_unicode_ci NOT NULL DEFAULT '0',
  PRIMARY KEY (`id`),
  UNIQUE KEY `craft_userpermissions_users_permissionId_userId_unq_idx` (`permissionId`,`userId`),
  KEY `craft_userpermissions_users_userId_fk` (`userId`)
) ENGINE=InnoDB DEFAULT CHARSET=utf8 COLLATE=utf8_unicode_ci;

DROP TABLE IF EXISTS `craft_users`;


--
-- Schema for table `craft_users`
--
CREATE TABLE `craft_users` (
  `id` int(11) NOT NULL,
  `username` varchar(100) COLLATE utf8_unicode_ci NOT NULL,
  `photo` varchar(100) COLLATE utf8_unicode_ci DEFAULT NULL,
  `firstName` varchar(100) COLLATE utf8_unicode_ci DEFAULT NULL,
  `lastName` varchar(100) COLLATE utf8_unicode_ci DEFAULT NULL,
  `email` varchar(255) COLLATE utf8_unicode_ci NOT NULL,
  `password` char(255) COLLATE utf8_unicode_ci DEFAULT NULL,
  `preferredLocale` char(12) COLLATE utf8_unicode_ci DEFAULT NULL,
  `weekStartDay` tinyint(1) unsigned NOT NULL DEFAULT '0',
  `admin` tinyint(1) unsigned NOT NULL DEFAULT '0',
  `client` tinyint(1) unsigned NOT NULL DEFAULT '0',
  `locked` tinyint(1) unsigned NOT NULL DEFAULT '0',
  `suspended` tinyint(1) unsigned NOT NULL DEFAULT '0',
  `pending` tinyint(1) unsigned NOT NULL DEFAULT '0',
  `archived` tinyint(1) unsigned NOT NULL DEFAULT '0',
  `lastLoginDate` datetime DEFAULT NULL,
  `lastLoginAttemptIPAddress` varchar(45) COLLATE utf8_unicode_ci DEFAULT NULL,
  `invalidLoginWindowStart` datetime DEFAULT NULL,
  `invalidLoginCount` tinyint(4) unsigned DEFAULT NULL,
  `lastInvalidLoginDate` datetime DEFAULT NULL,
  `lockoutDate` datetime DEFAULT NULL,
  `verificationCode` char(100) COLLATE utf8_unicode_ci DEFAULT NULL,
  `verificationCodeIssuedDate` datetime DEFAULT NULL,
  `unverifiedEmail` varchar(255) COLLATE utf8_unicode_ci DEFAULT NULL,
  `passwordResetRequired` tinyint(1) unsigned NOT NULL DEFAULT '0',
  `lastPasswordChangeDate` datetime DEFAULT NULL,
  `dateCreated` datetime NOT NULL,
  `dateUpdated` datetime NOT NULL,
  `uid` char(36) COLLATE utf8_unicode_ci NOT NULL DEFAULT '0',
  PRIMARY KEY (`id`),
  UNIQUE KEY `craft_users_username_unq_idx` (`username`),
  UNIQUE KEY `craft_users_email_unq_idx` (`email`),
  KEY `craft_users_verificationCode_idx` (`verificationCode`),
  KEY `craft_users_uid_idx` (`uid`),
  KEY `craft_users_preferredLocale_fk` (`preferredLocale`)
) ENGINE=InnoDB DEFAULT CHARSET=utf8 COLLATE=utf8_unicode_ci;

--
-- Data for table `craft_users`
--

INSERT INTO `craft_users` (`id`, `username`, `photo`, `firstName`, `lastName`, `email`, `password`, `preferredLocale`, `weekStartDay`, `admin`, `client`, `locked`, `suspended`, `pending`, `archived`, `lastLoginDate`, `lastLoginAttemptIPAddress`, `invalidLoginWindowStart`, `invalidLoginCount`, `lastInvalidLoginDate`, `lockoutDate`, `verificationCode`, `verificationCodeIssuedDate`, `unverifiedEmail`, `passwordResetRequired`, `lastPasswordChangeDate`, `dateCreated`, `dateUpdated`, `uid`) VALUES
 ('1', 'admin', NULL, 'Andreas', 'Koutsoukos', 'andreas.koutsoukos@gmail.com', '$2y$13$TDhqZPbQVAiyVPJJuSDn1..QYqjhtfadprLLUF9jH2TvQOLRJclbO', NULL, '1', '1', '0', '0', '0', '0', '0', '2017-06-10 14:42:18', '::1', NULL, NULL, '2017-06-10 14:42:09', NULL, NULL, NULL, NULL, '0', '2017-03-05 08:49:55', '2017-03-05 08:49:55', '2017-06-10 14:42:18', '3f5dd177-3670-4b90-9737-cd905ee538fe');



DROP TABLE IF EXISTS `craft_widgets`;


--
-- Schema for table `craft_widgets`
--
CREATE TABLE `craft_widgets` (
  `id` int(11) NOT NULL AUTO_INCREMENT,
  `userId` int(11) NOT NULL,
  `type` varchar(150) COLLATE utf8_unicode_ci NOT NULL,
  `sortOrder` smallint(6) unsigned DEFAULT NULL,
  `colspan` tinyint(4) unsigned DEFAULT NULL,
  `settings` text COLLATE utf8_unicode_ci,
  `enabled` tinyint(1) unsigned NOT NULL DEFAULT '1',
  `dateCreated` datetime NOT NULL,
  `dateUpdated` datetime NOT NULL,
  `uid` char(36) COLLATE utf8_unicode_ci NOT NULL DEFAULT '0',
  PRIMARY KEY (`id`),
  KEY `craft_widgets_userId_fk` (`userId`)
) ENGINE=InnoDB AUTO_INCREMENT=5 DEFAULT CHARSET=utf8 COLLATE=utf8_unicode_ci;

--
-- Data for table `craft_widgets`
--

INSERT INTO `craft_widgets` (`id`, `userId`, `type`, `sortOrder`, `colspan`, `settings`, `enabled`, `dateCreated`, `dateUpdated`, `uid`) VALUES
 ('1', '1', 'RecentEntries', '1', NULL, NULL, '1', '2016-12-30 08:48:12', '2016-12-30 08:48:12', '014313cf-e4fe-49c4-b865-9828a635029d'),
 ('2', '1', 'GetHelp', '2', NULL, NULL, '1', '2016-12-30 08:48:12', '2016-12-30 08:48:12', 'b210a0ae-bd45-4614-97ed-5d0aad4d3545'),
 ('3', '1', 'Updates', '3', NULL, NULL, '1', '2016-12-30 08:48:12', '2016-12-30 08:48:12', 'd66bc66e-b1d0-4ede-bd80-82e6c2888951'),
 ('4', '1', 'Feed', '4', NULL, '{\"url\":\"https:\\/\\/craftcms.com\\/news.rss\",\"title\":\"Craft News\"}', '1', '2016-12-30 08:48:12', '2016-12-30 08:48:12', 'e1bae7f5-94b7-4816-bfca-29617a64f114');


--
-- Constraints for tables
--


--
-- Constraints for table `craft_assetfiles`
--
ALTER TABLE `craft_assetfiles`
	ADD CONSTRAINT `craft_assetfiles_folderId_fk` FOREIGN KEY (`folderId`) REFERENCES `craft_assetfolders` (`id`) ON DELETE CASCADE,
	ADD CONSTRAINT `craft_assetfiles_id_fk` FOREIGN KEY (`id`) REFERENCES `craft_elements` (`id`) ON DELETE CASCADE,
	ADD CONSTRAINT `craft_assetfiles_sourceId_fk` FOREIGN KEY (`sourceId`) REFERENCES `craft_assetsources` (`id`) ON DELETE CASCADE;

--
-- Constraints for table `craft_assetfolders`
--
ALTER TABLE `craft_assetfolders`
	ADD CONSTRAINT `craft_assetfolders_parentId_fk` FOREIGN KEY (`parentId`) REFERENCES `craft_assetfolders` (`id`) ON DELETE CASCADE,
	ADD CONSTRAINT `craft_assetfolders_sourceId_fk` FOREIGN KEY (`sourceId`) REFERENCES `craft_assetsources` (`id`) ON DELETE CASCADE;

--
-- Constraints for table `craft_assetindexdata`
--
ALTER TABLE `craft_assetindexdata`
	ADD CONSTRAINT `craft_assetindexdata_sourceId_fk` FOREIGN KEY (`sourceId`) REFERENCES `craft_assetsources` (`id`) ON DELETE CASCADE;

--
-- Constraints for table `craft_assetsources`
--
ALTER TABLE `craft_assetsources`
	ADD CONSTRAINT `craft_assetsources_fieldLayoutId_fk` FOREIGN KEY (`fieldLayoutId`) REFERENCES `craft_fieldlayouts` (`id`) ON DELETE SET NULL;

--
-- Constraints for table `craft_categories`
--
ALTER TABLE `craft_categories`
	ADD CONSTRAINT `craft_categories_groupId_fk` FOREIGN KEY (`groupId`) REFERENCES `craft_categorygroups` (`id`) ON DELETE CASCADE,
	ADD CONSTRAINT `craft_categories_id_fk` FOREIGN KEY (`id`) REFERENCES `craft_elements` (`id`) ON DELETE CASCADE;

--
-- Constraints for table `craft_categorygroups`
--
ALTER TABLE `craft_categorygroups`
	ADD CONSTRAINT `craft_categorygroups_fieldLayoutId_fk` FOREIGN KEY (`fieldLayoutId`) REFERENCES `craft_fieldlayouts` (`id`) ON DELETE SET NULL,
	ADD CONSTRAINT `craft_categorygroups_structureId_fk` FOREIGN KEY (`structureId`) REFERENCES `craft_structures` (`id`) ON DELETE CASCADE;

--
-- Constraints for table `craft_categorygroups_i18n`
--
ALTER TABLE `craft_categorygroups_i18n`
	ADD CONSTRAINT `craft_categorygroups_i18n_groupId_fk` FOREIGN KEY (`groupId`) REFERENCES `craft_categorygroups` (`id`) ON DELETE CASCADE,
	ADD CONSTRAINT `craft_categorygroups_i18n_locale_fk` FOREIGN KEY (`locale`) REFERENCES `craft_locales` (`locale`) ON DELETE CASCADE ON UPDATE CASCADE;

--
-- Constraints for table `craft_content`
--
ALTER TABLE `craft_content`
	ADD CONSTRAINT `craft_content_elementId_fk` FOREIGN KEY (`elementId`) REFERENCES `craft_elements` (`id`) ON DELETE CASCADE,
	ADD CONSTRAINT `craft_content_locale_fk` FOREIGN KEY (`locale`) REFERENCES `craft_locales` (`locale`) ON DELETE CASCADE ON UPDATE CASCADE;

--
-- Constraints for table `craft_elements_i18n`
--
ALTER TABLE `craft_elements_i18n`
	ADD CONSTRAINT `craft_elements_i18n_elementId_fk` FOREIGN KEY (`elementId`) REFERENCES `craft_elements` (`id`) ON DELETE CASCADE,
	ADD CONSTRAINT `craft_elements_i18n_locale_fk` FOREIGN KEY (`locale`) REFERENCES `craft_locales` (`locale`) ON DELETE CASCADE ON UPDATE CASCADE;

--
-- Constraints for table `craft_emailmessages`
--
ALTER TABLE `craft_emailmessages`
	ADD CONSTRAINT `craft_emailmessages_locale_fk` FOREIGN KEY (`locale`) REFERENCES `craft_locales` (`locale`) ON DELETE CASCADE ON UPDATE CASCADE;

--
-- Constraints for table `craft_entries`
--
ALTER TABLE `craft_entries`
	ADD CONSTRAINT `craft_entries_authorId_fk` FOREIGN KEY (`authorId`) REFERENCES `craft_users` (`id`) ON DELETE CASCADE,
	ADD CONSTRAINT `craft_entries_id_fk` FOREIGN KEY (`id`) REFERENCES `craft_elements` (`id`) ON DELETE CASCADE,
	ADD CONSTRAINT `craft_entries_sectionId_fk` FOREIGN KEY (`sectionId`) REFERENCES `craft_sections` (`id`) ON DELETE CASCADE,
	ADD CONSTRAINT `craft_entries_typeId_fk` FOREIGN KEY (`typeId`) REFERENCES `craft_entrytypes` (`id`) ON DELETE CASCADE;

--
-- Constraints for table `craft_entrydrafts`
--
ALTER TABLE `craft_entrydrafts`
	ADD CONSTRAINT `craft_entrydrafts_creatorId_fk` FOREIGN KEY (`creatorId`) REFERENCES `craft_users` (`id`) ON DELETE CASCADE,
	ADD CONSTRAINT `craft_entrydrafts_entryId_fk` FOREIGN KEY (`entryId`) REFERENCES `craft_entries` (`id`) ON DELETE CASCADE,
	ADD CONSTRAINT `craft_entrydrafts_locale_fk` FOREIGN KEY (`locale`) REFERENCES `craft_locales` (`locale`) ON DELETE CASCADE ON UPDATE CASCADE,
	ADD CONSTRAINT `craft_entrydrafts_sectionId_fk` FOREIGN KEY (`sectionId`) REFERENCES `craft_sections` (`id`) ON DELETE CASCADE;

--
-- Constraints for table `craft_entrytypes`
--
ALTER TABLE `craft_entrytypes`
	ADD CONSTRAINT `craft_entrytypes_fieldLayoutId_fk` FOREIGN KEY (`fieldLayoutId`) REFERENCES `craft_fieldlayouts` (`id`) ON DELETE SET NULL,
	ADD CONSTRAINT `craft_entrytypes_sectionId_fk` FOREIGN KEY (`sectionId`) REFERENCES `craft_sections` (`id`) ON DELETE CASCADE;

--
-- Constraints for table `craft_entryversions`
--
ALTER TABLE `craft_entryversions`
	ADD CONSTRAINT `craft_entryversions_creatorId_fk` FOREIGN KEY (`creatorId`) REFERENCES `craft_users` (`id`) ON DELETE SET NULL,
	ADD CONSTRAINT `craft_entryversions_entryId_fk` FOREIGN KEY (`entryId`) REFERENCES `craft_entries` (`id`) ON DELETE CASCADE,
	ADD CONSTRAINT `craft_entryversions_locale_fk` FOREIGN KEY (`locale`) REFERENCES `craft_locales` (`locale`) ON DELETE CASCADE ON UPDATE CASCADE,
	ADD CONSTRAINT `craft_entryversions_sectionId_fk` FOREIGN KEY (`sectionId`) REFERENCES `craft_sections` (`id`) ON DELETE CASCADE;

--
-- Constraints for table `craft_fieldlayoutfields`
--
ALTER TABLE `craft_fieldlayoutfields`
	ADD CONSTRAINT `craft_fieldlayoutfields_fieldId_fk` FOREIGN KEY (`fieldId`) REFERENCES `craft_fields` (`id`) ON DELETE CASCADE,
	ADD CONSTRAINT `craft_fieldlayoutfields_layoutId_fk` FOREIGN KEY (`layoutId`) REFERENCES `craft_fieldlayouts` (`id`) ON DELETE CASCADE,
	ADD CONSTRAINT `craft_fieldlayoutfields_tabId_fk` FOREIGN KEY (`tabId`) REFERENCES `craft_fieldlayouttabs` (`id`) ON DELETE CASCADE;

--
-- Constraints for table `craft_fieldlayouttabs`
--
ALTER TABLE `craft_fieldlayouttabs`
	ADD CONSTRAINT `craft_fieldlayouttabs_layoutId_fk` FOREIGN KEY (`layoutId`) REFERENCES `craft_fieldlayouts` (`id`) ON DELETE CASCADE;

--
-- Constraints for table `craft_fields`
--
ALTER TABLE `craft_fields`
	ADD CONSTRAINT `craft_fields_groupId_fk` FOREIGN KEY (`groupId`) REFERENCES `craft_fieldgroups` (`id`) ON DELETE CASCADE;

--
-- Constraints for table `craft_globalsets`
--
ALTER TABLE `craft_globalsets`
	ADD CONSTRAINT `craft_globalsets_fieldLayoutId_fk` FOREIGN KEY (`fieldLayoutId`) REFERENCES `craft_fieldlayouts` (`id`) ON DELETE SET NULL,
	ADD CONSTRAINT `craft_globalsets_id_fk` FOREIGN KEY (`id`) REFERENCES `craft_elements` (`id`) ON DELETE CASCADE;

--
-- Constraints for table `craft_matrixblocks`
--
ALTER TABLE `craft_matrixblocks`
	ADD CONSTRAINT `craft_matrixblocks_fieldId_fk` FOREIGN KEY (`fieldId`) REFERENCES `craft_fields` (`id`) ON DELETE CASCADE,
	ADD CONSTRAINT `craft_matrixblocks_id_fk` FOREIGN KEY (`id`) REFERENCES `craft_elements` (`id`) ON DELETE CASCADE,
	ADD CONSTRAINT `craft_matrixblocks_ownerId_fk` FOREIGN KEY (`ownerId`) REFERENCES `craft_elements` (`id`) ON DELETE CASCADE,
	ADD CONSTRAINT `craft_matrixblocks_ownerLocale_fk` FOREIGN KEY (`ownerLocale`) REFERENCES `craft_locales` (`locale`) ON DELETE CASCADE ON UPDATE CASCADE,
	ADD CONSTRAINT `craft_matrixblocks_typeId_fk` FOREIGN KEY (`typeId`) REFERENCES `craft_matrixblocktypes` (`id`) ON DELETE CASCADE;

--
-- Constraints for table `craft_matrixblocktypes`
--
ALTER TABLE `craft_matrixblocktypes`
	ADD CONSTRAINT `craft_matrixblocktypes_fieldId_fk` FOREIGN KEY (`fieldId`) REFERENCES `craft_fields` (`id`) ON DELETE CASCADE,
	ADD CONSTRAINT `craft_matrixblocktypes_fieldLayoutId_fk` FOREIGN KEY (`fieldLayoutId`) REFERENCES `craft_fieldlayouts` (`id`) ON DELETE SET NULL;

--
-- Constraints for table `craft_migrations`
--
ALTER TABLE `craft_migrations`
	ADD CONSTRAINT `craft_migrations_pluginId_fk` FOREIGN KEY (`pluginId`) REFERENCES `craft_plugins` (`id`) ON DELETE CASCADE;

--
-- Constraints for table `craft_relations`
--
ALTER TABLE `craft_relations`
	ADD CONSTRAINT `craft_relations_fieldId_fk` FOREIGN KEY (`fieldId`) REFERENCES `craft_fields` (`id`) ON DELETE CASCADE,
	ADD CONSTRAINT `craft_relations_sourceId_fk` FOREIGN KEY (`sourceId`) REFERENCES `craft_elements` (`id`) ON DELETE CASCADE,
	ADD CONSTRAINT `craft_relations_sourceLocale_fk` FOREIGN KEY (`sourceLocale`) REFERENCES `craft_locales` (`locale`) ON DELETE CASCADE ON UPDATE CASCADE,
	ADD CONSTRAINT `craft_relations_targetId_fk` FOREIGN KEY (`targetId`) REFERENCES `craft_elements` (`id`) ON DELETE CASCADE;

--
-- Constraints for table `craft_routes`
--
ALTER TABLE `craft_routes`
	ADD CONSTRAINT `craft_routes_locale_fk` FOREIGN KEY (`locale`) REFERENCES `craft_locales` (`locale`) ON DELETE CASCADE ON UPDATE CASCADE;

--
-- Constraints for table `craft_sections`
--
ALTER TABLE `craft_sections`
	ADD CONSTRAINT `craft_sections_structureId_fk` FOREIGN KEY (`structureId`) REFERENCES `craft_structures` (`id`) ON DELETE SET NULL;

--
-- Constraints for table `craft_sections_i18n`
--
ALTER TABLE `craft_sections_i18n`
	ADD CONSTRAINT `craft_sections_i18n_locale_fk` FOREIGN KEY (`locale`) REFERENCES `craft_locales` (`locale`) ON DELETE CASCADE ON UPDATE CASCADE,
	ADD CONSTRAINT `craft_sections_i18n_sectionId_fk` FOREIGN KEY (`sectionId`) REFERENCES `craft_sections` (`id`) ON DELETE CASCADE;

--
-- Constraints for table `craft_sessions`
--
ALTER TABLE `craft_sessions`
	ADD CONSTRAINT `craft_sessions_userId_fk` FOREIGN KEY (`userId`) REFERENCES `craft_users` (`id`) ON DELETE CASCADE;

--
-- Constraints for table `craft_shunnedmessages`
--
ALTER TABLE `craft_shunnedmessages`
	ADD CONSTRAINT `craft_shunnedmessages_userId_fk` FOREIGN KEY (`userId`) REFERENCES `craft_users` (`id`) ON DELETE CASCADE;

--
-- Constraints for table `craft_structureelements`
--
ALTER TABLE `craft_structureelements`
	ADD CONSTRAINT `craft_structureelements_elementId_fk` FOREIGN KEY (`elementId`) REFERENCES `craft_elements` (`id`) ON DELETE CASCADE,
	ADD CONSTRAINT `craft_structureelements_structureId_fk` FOREIGN KEY (`structureId`) REFERENCES `craft_structures` (`id`) ON DELETE CASCADE;

--
-- Constraints for table `craft_taggroups`
--
ALTER TABLE `craft_taggroups`
	ADD CONSTRAINT `craft_taggroups_fieldLayoutId_fk` FOREIGN KEY (`fieldLayoutId`) REFERENCES `craft_fieldlayouts` (`id`) ON DELETE SET NULL;

--
-- Constraints for table `craft_tags`
--
ALTER TABLE `craft_tags`
	ADD CONSTRAINT `craft_tags_groupId_fk` FOREIGN KEY (`groupId`) REFERENCES `craft_taggroups` (`id`) ON DELETE CASCADE,
	ADD CONSTRAINT `craft_tags_id_fk` FOREIGN KEY (`id`) REFERENCES `craft_elements` (`id`) ON DELETE CASCADE;

--
-- Constraints for table `craft_templatecachecriteria`
--
ALTER TABLE `craft_templatecachecriteria`
	ADD CONSTRAINT `craft_templatecachecriteria_cacheId_fk` FOREIGN KEY (`cacheId`) REFERENCES `craft_templatecaches` (`id`) ON DELETE CASCADE;

--
-- Constraints for table `craft_templatecacheelements`
--
ALTER TABLE `craft_templatecacheelements`
	ADD CONSTRAINT `craft_templatecacheelements_cacheId_fk` FOREIGN KEY (`cacheId`) REFERENCES `craft_templatecaches` (`id`) ON DELETE CASCADE,
	ADD CONSTRAINT `craft_templatecacheelements_elementId_fk` FOREIGN KEY (`elementId`) REFERENCES `craft_elements` (`id`) ON DELETE CASCADE;

--
-- Constraints for table `craft_templatecaches`
--
ALTER TABLE `craft_templatecaches`
	ADD CONSTRAINT `craft_templatecaches_locale_fk` FOREIGN KEY (`locale`) REFERENCES `craft_locales` (`locale`) ON DELETE CASCADE ON UPDATE CASCADE;

--
-- Constraints for table `craft_usergroups_users`
--
ALTER TABLE `craft_usergroups_users`
	ADD CONSTRAINT `craft_usergroups_users_groupId_fk` FOREIGN KEY (`groupId`) REFERENCES `craft_usergroups` (`id`) ON DELETE CASCADE,
	ADD CONSTRAINT `craft_usergroups_users_userId_fk` FOREIGN KEY (`userId`) REFERENCES `craft_users` (`id`) ON DELETE CASCADE;

--
-- Constraints for table `craft_userpermissions_usergroups`
--
ALTER TABLE `craft_userpermissions_usergroups`
	ADD CONSTRAINT `craft_userpermissions_usergroups_groupId_fk` FOREIGN KEY (`groupId`) REFERENCES `craft_usergroups` (`id`) ON DELETE CASCADE,
	ADD CONSTRAINT `craft_userpermissions_usergroups_permissionId_fk` FOREIGN KEY (`permissionId`) REFERENCES `craft_userpermissions` (`id`) ON DELETE CASCADE;

--
-- Constraints for table `craft_userpermissions_users`
--
ALTER TABLE `craft_userpermissions_users`
	ADD CONSTRAINT `craft_userpermissions_users_permissionId_fk` FOREIGN KEY (`permissionId`) REFERENCES `craft_userpermissions` (`id`) ON DELETE CASCADE,
	ADD CONSTRAINT `craft_userpermissions_users_userId_fk` FOREIGN KEY (`userId`) REFERENCES `craft_users` (`id`) ON DELETE CASCADE;

--
-- Constraints for table `craft_users`
--
ALTER TABLE `craft_users`
	ADD CONSTRAINT `craft_users_id_fk` FOREIGN KEY (`id`) REFERENCES `craft_elements` (`id`) ON DELETE CASCADE,
	ADD CONSTRAINT `craft_users_preferredLocale_fk` FOREIGN KEY (`preferredLocale`) REFERENCES `craft_locales` (`locale`) ON DELETE SET NULL ON UPDATE CASCADE;

--
-- Constraints for table `craft_widgets`
--
ALTER TABLE `craft_widgets`
	ADD CONSTRAINT `craft_widgets_userId_fk` FOREIGN KEY (`userId`) REFERENCES `craft_users` (`id`) ON DELETE CASCADE;

SET FOREIGN_KEY_CHECKS = 1;
